"INDICATOR","SUBJECT","MEASURE","FREQUENCY","TIME","Value","Flag.Codes","ID","pass_km_travelled","deathrate_mln","COUNTRYNAME"
"ROADACCID","DEATH","NBR","A",1970,620,"",27,NA,NA,"SVN"
"ROADACCID","DEATH","NBR","A",1971,644,"",27,NA,NA,"SVN"
"ROADACCID","DEATH","NBR","A",1972,625,"",27,NA,NA,"SVN"
"ROADACCID","DEATH","NBR","A",1973,701,"",27,NA,NA,"SVN"
"ROADACCID","DEATH","NBR","A",1974,557,"",27,NA,NA,"SVN"
"ROADACCID","DEATH","NBR","A",1975,596,"",27,NA,NA,"SVN"
"ROADACCID","DEATH","NBR","A",1976,587,"",27,NA,NA,"SVN"
"ROADACCID","DEATH","NBR","A",1977,680,"",27,NA,NA,"SVN"
"ROADACCID","DEATH","NBR","A",1978,729,"",27,NA,NA,"SVN"
"ROADACCID","DEATH","NBR","A",1979,735,"",27,NA,NA,"SVN"
"ROADACCID","DEATH","NBR","A",1980,558,"",27,NA,NA,"SVN"
"ROADACCID","DEATH","NBR","A",1981,565,"",27,NA,NA,"SVN"
"ROADACCID","DEATH","NBR","A",1982,569,"",27,NA,NA,"SVN"
"ROADACCID","DEATH","NBR","A",1983,527,"",27,NA,NA,"SVN"
"ROADACCID","DEATH","NBR","A",1984,492,"",27,NA,NA,"SVN"
"ROADACCID","DEATH","NBR","A",1985,464,"",27,NA,NA,"SVN"
"ROADACCID","DEATH","NBR","A",1986,504,"",27,NA,NA,"SVN"
"ROADACCID","DEATH","NBR","A",1987,558,"",27,NA,NA,"SVN"
"ROADACCID","DEATH","NBR","A",1988,551,"",27,NA,NA,"SVN"
"ROADACCID","DEATH","NBR","A",1989,554,"",27,NA,NA,"SVN"
"ROADACCID","DEATH","NBR","A",1990,517,"",27,1.9828e+10,0.0260742384506758,"SVN"
"ROADACCID","DEATH","NBR","A",1991,462,"",27,1.816e+10,0.0254405286343612,"SVN"
"ROADACCID","DEATH","NBR","A",1992,492,"",27,1.7556e+10,0.0280246069719754,"SVN"
"ROADACCID","DEATH","NBR","A",1993,493,"",27,1.7873e+10,0.027583505846808,"SVN"
"ROADACCID","DEATH","NBR","A",1994,505,"",27,1.9231e+10,0.0262596848837814,"SVN"
"ROADACCID","DEATH","NBR","A",1995,415,"",27,2.0451e+10,0.0202924062393037,"SVN"
"ROADACCID","DEATH","NBR","A",1996,389,"",27,2.2095e+10,0.0176057931658746,"SVN"
"ROADACCID","DEATH","NBR","A",1997,357,"",27,2.3389e+10,0.0152635854461499,"SVN"
"ROADACCID","DEATH","NBR","A",1998,309,"",27,2.2856e+10,0.0135194259712986,"SVN"
"ROADACCID","DEATH","NBR","A",1999,334,"",27,2.4212e+10,0.0137948124896745,"SVN"
"ROADACCID","DEATH","NBR","A",2000,313,"",27,2.3827e+10,0.0131363579132916,"SVN"
"ROADACCID","DEATH","NBR","A",2001,278,"",27,2.4194e+10,0.011490452178226,"SVN"
"ROADACCID","DEATH","NBR","A",2002,268,"",27,2.4626e+10,0.010882806789572,"SVN"
"ROADACCID","DEATH","NBR","A",2003,242,"",27,2.4777e+10,0.00976712273479437,"SVN"
"ROADACCID","DEATH","NBR","A",2004,274,"",27,2.526e+10,0.0108471892319873,"SVN"
"ROADACCID","DEATH","NBR","A",2005,258,"",27,2.5571e+10,0.0100895545735403,"SVN"
"ROADACCID","DEATH","NBR","A",2006,262,"",27,2.6139e+10,0.0100233367764643,"SVN"
"ROADACCID","DEATH","NBR","A",2007,293,"",27,2.759e+10,0.0106197897789054,"SVN"
"ROADACCID","DEATH","NBR","A",2008,214,"",27,2.8024e+10,0.00763631173280046,"SVN"
"ROADACCID","DEATH","NBR","A",2009,171,"",27,2.8971e+10,0.00590245417831625,"SVN"
"ROADACCID","DEATH","NBR","A",2010,138,"",27,2.8819e+10,0.00478850758180367,"SVN"
"ROADACCID","DEATH","NBR","A",2011,141,"",27,NA,NA,"SVN"
"ROADACCID","DEATH","NBR","A",2012,130,"",27,NA,NA,"SVN"
"ROADACCID","DEATH","NBR","A",2013,125,"",27,NA,NA,"SVN"
"ROADACCID","DEATH","NBR","A",2014,108,"",27,NA,NA,"SVN"
"ROADACCID","DEATH","NBR","A",2015,120,"",27,NA,NA,"SVN"
"ROADACCID","DEATH","NBR","A",1970,252,"",8,2.61e+09,0.096551724137931,"EST"
"ROADACCID","DEATH","NBR","A",1971,251,"",8,2.694e+09,0.093170007423905,"EST"
"ROADACCID","DEATH","NBR","A",1972,271,"",8,2.765e+09,0.0980108499095841,"EST"
"ROADACCID","DEATH","NBR","A",1973,249,"",8,2.865e+09,0.0869109947643979,"EST"
"ROADACCID","DEATH","NBR","A",1974,250,"",8,3.002e+09,0.0832778147901399,"EST"
"ROADACCID","DEATH","NBR","A",1975,266,"",8,3.149e+09,0.0844712607176882,"EST"
"ROADACCID","DEATH","NBR","A",1976,264,"",8,3.25e+09,0.0812307692307692,"EST"
"ROADACCID","DEATH","NBR","A",1977,276,"",8,3.439e+09,0.0802558883396336,"EST"
"ROADACCID","DEATH","NBR","A",1978,271,"",8,3.519e+09,0.0770105143506678,"EST"
"ROADACCID","DEATH","NBR","A",1979,304,"",8,3.54e+09,0.0858757062146893,"EST"
"ROADACCID","DEATH","NBR","A",1980,303,"",8,3.658e+09,0.0828321487151449,"EST"
"ROADACCID","DEATH","NBR","A",1981,266,"",8,3.814e+09,0.069743051914001,"EST"
"ROADACCID","DEATH","NBR","A",1982,265,"",8,3.842e+09,0.068974492451848,"EST"
"ROADACCID","DEATH","NBR","A",1983,291,"",8,4.009e+09,0.0725866799700673,"EST"
"ROADACCID","DEATH","NBR","A",1984,253,"",8,4.17e+09,0.0606714628297362,"EST"
"ROADACCID","DEATH","NBR","A",1985,191,"",8,4.279e+09,0.0446365973358261,"EST"
"ROADACCID","DEATH","NBR","A",1986,223,"",8,4.4e+09,0.0506818181818182,"EST"
"ROADACCID","DEATH","NBR","A",1987,233,"",8,4.553e+09,0.0511750494179662,"EST"
"ROADACCID","DEATH","NBR","A",1988,268,"",8,4.607e+09,0.0581723464293466,"EST"
"ROADACCID","DEATH","NBR","A",1989,343,"",8,4.516e+09,0.0759521700620018,"EST"
"ROADACCID","DEATH","NBR","A",1990,436,"",8,4.454e+09,0.0978895374943871,"EST"
"ROADACCID","DEATH","NBR","A",1991,491,"",8,3.833e+09,0.128098095486564,"EST"
"ROADACCID","DEATH","NBR","A",1992,287,"",8,3.047e+09,0.0941910075484083,"EST"
"ROADACCID","DEATH","NBR","A",1993,321,"",8,2.538e+09,0.126477541371158,"EST"
"ROADACCID","DEATH","NBR","A",1994,364,"",8,2.314e+09,0.157303370786517,"EST"
"ROADACCID","DEATH","NBR","A",1995,332,"",8,2.048e+09,0.162109375,"EST"
"ROADACCID","DEATH","NBR","A",1996,213,"",8,2.091e+09,0.101865136298422,"EST"
"ROADACCID","DEATH","NBR","A",1997,279,"",8,2.238e+09,0.124664879356568,"EST"
"ROADACCID","DEATH","NBR","A",1998,284,"",8,2.265e+09,0.125386313465784,"EST"
"ROADACCID","DEATH","NBR","A",1999,232,"",8,2.222e+09,0.104410441044104,"EST"
"ROADACCID","DEATH","NBR","A",2000,204,"",8,2.63e+09,0.0775665399239544,"EST"
"ROADACCID","DEATH","NBR","A",2001,199,"",8,2.72e+09,0.0731617647058824,"EST"
"ROADACCID","DEATH","NBR","A",2002,223,"",8,2.603e+09,0.085670380330388,"EST"
"ROADACCID","DEATH","NBR","A",2003,164,"",8,2.573e+09,0.0637388262728333,"EST"
"ROADACCID","DEATH","NBR","A",2004,170,"",8,2.714e+09,0.0626381724392041,"EST"
"ROADACCID","DEATH","NBR","A",2005,170,"",8,2.938e+09,0.0578624914908101,"EST"
"ROADACCID","DEATH","NBR","A",2006,204,"",8,3.112e+09,0.0655526992287918,"EST"
"ROADACCID","DEATH","NBR","A",2007,196,"",8,2.909e+09,0.067377105534548,"EST"
"ROADACCID","DEATH","NBR","A",2008,132,"",8,2.676e+09,0.0493273542600897,"EST"
"ROADACCID","DEATH","NBR","A",2009,100,"",8,2.336e+09,0.0428082191780822,"EST"
"ROADACCID","DEATH","NBR","A",2010,79,"",8,2.266e+09,0.0348631950573698,"EST"
"ROADACCID","DEATH","NBR","A",2011,101,"",8,2.26e+09,0.0446902654867257,"EST"
"ROADACCID","DEATH","NBR","A",2012,87,"",8,2.49e+09,0.0349397590361446,"EST"
"ROADACCID","DEATH","NBR","A",2013,81,"",8,2.619e+09,0.0309278350515464,"EST"
"ROADACCID","DEATH","NBR","A",2014,78,"",8,2.569e+09,0.0303620085636434,"EST"
"ROADACCID","DEATH","NBR","A",2015,67,"",8,3.315e+09,0.020211161387632,"EST"
"ROADACCID","DEATH","NBR","A",1970,2507,"",1,3.4859e+10,0.0719182994348662,"AUT"
"ROADACCID","DEATH","NBR","A",1971,2782,"",1,3.7739e+10,0.0737168446434723,"AUT"
"ROADACCID","DEATH","NBR","A",1972,2948,"",1,4.105e+10,0.0718148599269184,"AUT"
"ROADACCID","DEATH","NBR","A",1973,2765,"",1,4.278e+10,0.0646330060776064,"AUT"
"ROADACCID","DEATH","NBR","A",1974,2499,"",1,4.4868e+10,0.0556967103503611,"AUT"
"ROADACCID","DEATH","NBR","A",1975,2467,"",1,4.6436e+10,0.0531268843138944,"AUT"
"ROADACCID","DEATH","NBR","A",1976,2131,"",1,4.8409e+10,0.0440207399450515,"AUT"
"ROADACCID","DEATH","NBR","A",1977,2091,"",1,5.0379e+10,0.0415053891502412,"AUT"
"ROADACCID","DEATH","NBR","A",1978,2112,"",1,5.2171e+10,0.0404822602595312,"AUT"
"ROADACCID","DEATH","NBR","A",1979,2129,"",1,5.392e+10,0.0394844213649852,"AUT"
"ROADACCID","DEATH","NBR","A",1980,1951,"",1,5.5985e+10,0.0348486201661159,"AUT"
"ROADACCID","DEATH","NBR","A",1981,1898,"",1,5.7702e+10,0.0328931406190427,"AUT"
"ROADACCID","DEATH","NBR","A",1982,1883,"",1,5.9179e+10,0.0318187194781933,"AUT"
"ROADACCID","DEATH","NBR","A",1983,1967,"",1,6.0774e+10,0.0323658143284957,"AUT"
"ROADACCID","DEATH","NBR","A",1984,1814,"",1,6.2634e+10,0.0289619056742344,"AUT"
"ROADACCID","DEATH","NBR","A",1985,1524,"",1,6.3241e+10,0.0240982906658655,"AUT"
"ROADACCID","DEATH","NBR","A",1986,1495,"",1,6.4491e+10,0.0231815292056256,"AUT"
"ROADACCID","DEATH","NBR","A",1987,1469,"",1,6.6036e+10,0.0222454418801866,"AUT"
"ROADACCID","DEATH","NBR","A",1988,1620,"",1,6.6288e+10,0.0244388124547429,"AUT"
"ROADACCID","DEATH","NBR","A",1989,1570,"",1,6.7111e+10,0.0233940784670173,"AUT"
"ROADACCID","DEATH","NBR","A",1990,1558,"",1,6.7722e+10,0.0230058179026018,"AUT"
"ROADACCID","DEATH","NBR","A",1991,1551,"",1,6.8032e+10,0.022798095014111,"AUT"
"ROADACCID","DEATH","NBR","A",1992,1403,"",1,6.82e+10,0.0205718475073314,"AUT"
"ROADACCID","DEATH","NBR","A",1993,1283,"",1,NA,NA,"AUT"
"ROADACCID","DEATH","NBR","A",1994,1338,"",1,NA,NA,"AUT"
"ROADACCID","DEATH","NBR","A",1995,1210,"",1,NA,NA,"AUT"
"ROADACCID","DEATH","NBR","A",1996,1027,"",1,NA,NA,"AUT"
"ROADACCID","DEATH","NBR","A",1997,1105,"",1,NA,NA,"AUT"
"ROADACCID","DEATH","NBR","A",1998,963,"",1,NA,NA,"AUT"
"ROADACCID","DEATH","NBR","A",1999,1079,"",1,NA,NA,"AUT"
"ROADACCID","DEATH","NBR","A",2000,976,"",1,NA,NA,"AUT"
"ROADACCID","DEATH","NBR","A",2001,958,"",1,NA,NA,"AUT"
"ROADACCID","DEATH","NBR","A",2002,956,"",1,NA,NA,"AUT"
"ROADACCID","DEATH","NBR","A",2003,931,"",1,NA,NA,"AUT"
"ROADACCID","DEATH","NBR","A",2004,878,"",1,NA,NA,"AUT"
"ROADACCID","DEATH","NBR","A",2005,768,"",1,NA,NA,"AUT"
"ROADACCID","DEATH","NBR","A",2006,730,"",1,NA,NA,"AUT"
"ROADACCID","DEATH","NBR","A",2007,691,"",1,NA,NA,"AUT"
"ROADACCID","DEATH","NBR","A",2008,679,"",1,NA,NA,"AUT"
"ROADACCID","DEATH","NBR","A",2009,633,"",1,NA,NA,"AUT"
"ROADACCID","DEATH","NBR","A",2010,552,"",1,NA,NA,"AUT"
"ROADACCID","DEATH","NBR","A",2011,523,"",1,NA,NA,"AUT"
"ROADACCID","DEATH","NBR","A",2012,531,"B",1,NA,NA,"AUT"
"ROADACCID","DEATH","NBR","A",2013,455,"",1,NA,NA,"AUT"
"ROADACCID","DEATH","NBR","A",2014,430,"",1,NA,NA,"AUT"
"ROADACCID","DEATH","NBR","A",2015,479,"",1,NA,NA,"AUT"
"ROADACCID","DEATH","NBR","A",1970,1707,"",14,2.0816e+10,0.0820042275172944,"HUN"
"ROADACCID","DEATH","NBR","A",1971,1934,"",14,2.4555e+10,0.078761962940338,"HUN"
"ROADACCID","DEATH","NBR","A",1972,1923,"",14,2.8016e+10,0.0686393489434609,"HUN"
"ROADACCID","DEATH","NBR","A",1973,1831,"",14,3.1384e+10,0.0583418302319653,"HUN"
"ROADACCID","DEATH","NBR","A",1974,1764,"",14,3.583e+10,0.0492324867429528,"HUN"
"ROADACCID","DEATH","NBR","A",1975,1904,"",14,3.9918e+10,0.0476977804499223,"HUN"
"ROADACCID","DEATH","NBR","A",1976,1622,"",14,4.4657e+10,0.0363212934142464,"HUN"
"ROADACCID","DEATH","NBR","A",1977,1803,"",14,5.02e+10,0.0359163346613546,"HUN"
"ROADACCID","DEATH","NBR","A",1978,2018,"",14,5.6559e+10,0.0356795558620202,"HUN"
"ROADACCID","DEATH","NBR","A",1979,1750,"",14,6.0122e+10,0.0291074814543761,"HUN"
"ROADACCID","DEATH","NBR","A",1980,1630,"",14,6.2423e+10,0.0261121701936786,"HUN"
"ROADACCID","DEATH","NBR","A",1981,1603,"",14,6.579e+10,0.0243654050767594,"HUN"
"ROADACCID","DEATH","NBR","A",1982,1548,"",14,7.0522e+10,0.0219505969768299,"HUN"
"ROADACCID","DEATH","NBR","A",1983,1591,"",14,7.0475e+10,0.022575381340901,"HUN"
"ROADACCID","DEATH","NBR","A",1984,1590,"",14,7.1875e+10,0.0221217391304348,"HUN"
"ROADACCID","DEATH","NBR","A",1985,1756,"",14,7.382e+10,0.0237875914386345,"HUN"
"ROADACCID","DEATH","NBR","A",1986,1632,"",14,6.9567e+10,0.0234593988529044,"HUN"
"ROADACCID","DEATH","NBR","A",1987,1573,"",14,7.121e+10,0.0220895941581239,"HUN"
"ROADACCID","DEATH","NBR","A",1988,1706,"",14,7.4168e+10,0.0230018336749002,"HUN"
"ROADACCID","DEATH","NBR","A",1989,2162,"",14,7.4136e+10,0.0291626200496385,"HUN"
"ROADACCID","DEATH","NBR","A",1990,2432,"",14,7.1104e+10,0.0342034203420342,"HUN"
"ROADACCID","DEATH","NBR","A",1991,2120,"",14,6.9051e+10,0.0307019449392478,"HUN"
"ROADACCID","DEATH","NBR","A",1992,2101,"",14,6.3967e+10,0.0328450607344412,"HUN"
"ROADACCID","DEATH","NBR","A",1993,1678,"",14,6.3225e+10,0.0265401344404903,"HUN"
"ROADACCID","DEATH","NBR","A",1994,1562,"",14,6.354e+10,0.0245829398803903,"HUN"
"ROADACCID","DEATH","NBR","A",1995,1589,"",14,6.4542e+10,0.0246196275293607,"HUN"
"ROADACCID","DEATH","NBR","A",1996,1370,"",14,6.4625e+10,0.0211992263056093,"HUN"
"ROADACCID","DEATH","NBR","A",1997,1391,"",14,6.4915e+10,0.0214280212585689,"HUN"
"ROADACCID","DEATH","NBR","A",1998,1371,"",14,6.4419e+10,0.0212825408652727,"HUN"
"ROADACCID","DEATH","NBR","A",1999,1306,"",14,6.4294e+10,0.0203129374436184,"HUN"
"ROADACCID","DEATH","NBR","A",2000,1200,"",14,6.4622e+10,0.0185695274055275,"HUN"
"ROADACCID","DEATH","NBR","A",2001,1239,"",14,6.4506e+10,0.0192075155799461,"HUN"
"ROADACCID","DEATH","NBR","A",2002,1429,"",14,6.4702e+10,0.0220858706067819,"HUN"
"ROADACCID","DEATH","NBR","A",2003,1326,"",14,6.6122e+10,0.0200538398717522,"HUN"
"ROADACCID","DEATH","NBR","A",2004,1296,"",14,6.7529e+10,0.0191917546535562,"HUN"
"ROADACCID","DEATH","NBR","A",2005,1278,"",14,6.6638e+10,0.0191782466460578,"HUN"
"ROADACCID","DEATH","NBR","A",2006,1303,"",14,6.963e+10,0.0187131983340514,"HUN"
"ROADACCID","DEATH","NBR","A",2007,1232,"",14,7.0447e+10,0.0174883245560492,"HUN"
"ROADACCID","DEATH","NBR","A",2008,996,"",14,7.0984e+10,0.01403133100417,"HUN"
"ROADACCID","DEATH","NBR","A",2009,822,"",14,7.0477e+10,0.011663379542262,"HUN"
"ROADACCID","DEATH","NBR","A",2010,740,"",14,6.8845e+10,0.0107487834991648,"HUN"
"ROADACCID","DEATH","NBR","A",2011,638,"",14,6.851e+10,0.0093125091227558,"HUN"
"ROADACCID","DEATH","NBR","A",2012,605,"",14,6.8661e+10,0.00881140676657782,"HUN"
"ROADACCID","DEATH","NBR","A",2013,591,"",14,6.8788e+10,0.00859161481653777,"HUN"
"ROADACCID","DEATH","NBR","A",2014,626,"",14,70162677000,0.00892212251251474,"HUN"
"ROADACCID","DEATH","NBR","A",2015,644,"",14,72220776600,0.00891710156437171,"HUN"
"ROADACCID","DEATH","NBR","A",1970,1615,"",23,1.8158e+10,0.0889415133825311,"PRT"
"ROADACCID","DEATH","NBR","A",1971,1884,"",23,2.0854e+10,0.0903423803586842,"PRT"
"ROADACCID","DEATH","NBR","A",1972,1932,"",23,2.2325e+10,0.0865397536394177,"PRT"
"ROADACCID","DEATH","NBR","A",1973,2378,"",23,2.4967e+10,0.0952457243561501,"PRT"
"ROADACCID","DEATH","NBR","A",1974,2236,"",23,2.7224e+10,0.0821334116955627,"PRT"
"ROADACCID","DEATH","NBR","A",1975,3051,"",23,2.9152e+10,0.10465834248079,"PRT"
"ROADACCID","DEATH","NBR","A",1976,2957,"",23,3.0486e+10,0.0969953421242537,"PRT"
"ROADACCID","DEATH","NBR","A",1977,2454,"",23,3.2842e+10,0.0747213933377992,"PRT"
"ROADACCID","DEATH","NBR","A",1978,2477,"",23,3.4244e+10,0.0723338395047308,"PRT"
"ROADACCID","DEATH","NBR","A",1979,2492,"",23,3.5502e+10,0.0701932285505042,"PRT"
"ROADACCID","DEATH","NBR","A",1980,2579,"",23,3.66e+10,0.0704644808743169,"PRT"
"ROADACCID","DEATH","NBR","A",1981,2587,"",23,3.72e+10,0.0695430107526882,"PRT"
"ROADACCID","DEATH","NBR","A",1982,2424,"",23,3.9e+10,0.0621538461538462,"PRT"
"ROADACCID","DEATH","NBR","A",1983,2482,"",23,3.98e+10,0.0623618090452261,"PRT"
"ROADACCID","DEATH","NBR","A",1984,2099,"",23,4.12e+10,0.0509466019417476,"PRT"
"ROADACCID","DEATH","NBR","A",1985,2138,"",23,4.27e+10,0.0500702576112412,"PRT"
"ROADACCID","DEATH","NBR","A",1986,2259,"",23,4.43e+10,0.0509932279909707,"PRT"
"ROADACCID","DEATH","NBR","A",1987,2617,"",23,4.595e+10,0.0569532100108814,"PRT"
"ROADACCID","DEATH","NBR","A",1988,2889,"",23,4.8e+10,0.0601875,"PRT"
"ROADACCID","DEATH","NBR","A",1989,2708,"",23,4.935e+10,0.0548733535967579,"PRT"
"ROADACCID","DEATH","NBR","A",1990,2646,"",23,5.08e+10,0.0520866141732283,"PRT"
"ROADACCID","DEATH","NBR","A",1991,2822,"",23,5.39e+10,0.0523562152133581,"PRT"
"ROADACCID","DEATH","NBR","A",1992,2704,"",23,5.988e+10,0.0451569806279225,"PRT"
"ROADACCID","DEATH","NBR","A",1993,2370,"",23,6.484e+10,0.0365515114127082,"PRT"
"ROADACCID","DEATH","NBR","A",1994,2196,"",23,7.015e+10,0.031304347826087,"PRT"
"ROADACCID","DEATH","NBR","A",1995,2397,"",23,7.449e+10,0.0321788159484495,"PRT"
"ROADACCID","DEATH","NBR","A",1996,2394,"",23,7.85e+10,0.0304968152866242,"PRT"
"ROADACCID","DEATH","NBR","A",1997,2210,"",23,8.24e+10,0.0268203883495146,"PRT"
"ROADACCID","DEATH","NBR","A",1998,2126,"",23,8.715e+10,0.0243947217441193,"PRT"
"ROADACCID","DEATH","NBR","A",1999,1995,"",23,9.308e+10,0.0214331757627847,"PRT"
"ROADACCID","DEATH","NBR","A",2000,1857,"",23,9.4204e+10,0.0197125387457008,"PRT"
"ROADACCID","DEATH","NBR","A",2001,1671,"",23,9.5009e+10,0.0175878074708712,"PRT"
"ROADACCID","DEATH","NBR","A",2002,1675,"",23,9.558e+10,0.0175245867336263,"PRT"
"ROADACCID","DEATH","NBR","A",2003,1546,"",23,9.6541e+10,0.016013921546286,"PRT"
"ROADACCID","DEATH","NBR","A",2004,1294,"",23,9.7809e+10,0.0132298663722152,"PRT"
"ROADACCID","DEATH","NBR","A",2005,1247,"",23,9.7518e+10,0.012787382842142,"PRT"
"ROADACCID","DEATH","NBR","A",2006,969,"",23,9.7202e+10,0.00996893068043868,"PRT"
"ROADACCID","DEATH","NBR","A",2007,974,"",23,9.7722e+10,0.00996704938499007,"PRT"
"ROADACCID","DEATH","NBR","A",2008,885,"",23,9.6756e+10,0.00914671958328166,"PRT"
"ROADACCID","DEATH","NBR","A",2009,737,"",23,NA,NA,"PRT"
"ROADACCID","DEATH","NBR","A",2010,937,"",23,NA,NA,"PRT"
"ROADACCID","DEATH","NBR","A",2011,891,"",23,NA,NA,"PRT"
"ROADACCID","DEATH","NBR","A",2012,718,"",23,NA,NA,"PRT"
"ROADACCID","DEATH","NBR","A",2013,637,"",23,NA,NA,"PRT"
"ROADACCID","DEATH","NBR","A",2014,638,"",23,NA,NA,"PRT"
"ROADACCID","DEATH","NBR","A",2015,593,"",23,NA,NA,"PRT"
"ROADACCID","DEATH","NBR","A",1970,931,"",12,NA,NA,"GRC"
"ROADACCID","DEATH","NBR","A",1971,940,"",12,NA,NA,"GRC"
"ROADACCID","DEATH","NBR","A",1972,968,"",12,NA,NA,"GRC"
"ROADACCID","DEATH","NBR","A",1973,1057,"",12,NA,NA,"GRC"
"ROADACCID","DEATH","NBR","A",1974,943,"",12,9.337e+09,0.100996037271072,"GRC"
"ROADACCID","DEATH","NBR","A",1975,1060,"",12,1.0211e+10,0.10380961707962,"GRC"
"ROADACCID","DEATH","NBR","A",1976,1063,"",12,1.1013e+10,0.09652229183692,"GRC"
"ROADACCID","DEATH","NBR","A",1977,1181,"",12,1.2121e+10,0.0974342050985892,"GRC"
"ROADACCID","DEATH","NBR","A",1978,1173,"",12,NA,NA,"GRC"
"ROADACCID","DEATH","NBR","A",1979,1257,"",12,NA,NA,"GRC"
"ROADACCID","DEATH","NBR","A",1980,1225,"",12,NA,NA,"GRC"
"ROADACCID","DEATH","NBR","A",1981,1354,"",12,NA,NA,"GRC"
"ROADACCID","DEATH","NBR","A",1982,1557,"",12,1.6416e+10,0.0948464912280702,"GRC"
"ROADACCID","DEATH","NBR","A",1983,1586,"",12,1.6675e+10,0.0951124437781109,"GRC"
"ROADACCID","DEATH","NBR","A",1984,1704,"",12,1.7834e+10,0.095547829987664,"GRC"
"ROADACCID","DEATH","NBR","A",1985,1704,"",12,1.9116e+10,0.0891399874450722,"GRC"
"ROADACCID","DEATH","NBR","A",1986,1451,"",12,1.9379e+10,0.0748748645440941,"GRC"
"ROADACCID","DEATH","NBR","A",1987,1502,"",12,1.9975e+10,0.0751939924906133,"GRC"
"ROADACCID","DEATH","NBR","A",1988,1511,"",12,2.1181e+10,0.0713375194750012,"GRC"
"ROADACCID","DEATH","NBR","A",1989,1699,"",12,2.298e+10,0.0739338555265448,"GRC"
"ROADACCID","DEATH","NBR","A",1990,1737,"",12,2.4233e+10,0.0716791152560558,"GRC"
"ROADACCID","DEATH","NBR","A",1991,1790,"",12,2.4704e+10,0.0724579015544041,"GRC"
"ROADACCID","DEATH","NBR","A",1992,1829,"",12,2.5366e+10,0.0721043917054325,"GRC"
"ROADACCID","DEATH","NBR","A",1993,1830,"",12,2.6815e+10,0.0682453850456834,"GRC"
"ROADACCID","DEATH","NBR","A",1994,1909,"",12,2.9803e+10,0.0640539542999027,"GRC"
"ROADACCID","DEATH","NBR","A",1995,2043,"",12,3.1452e+10,0.0649561236169401,"GRC"
"ROADACCID","DEATH","NBR","A",1996,2157,"",12,3.4111e+10,0.0632347336636276,"GRC"
"ROADACCID","DEATH","NBR","A",1997,2105,"",12,3.5927e+10,0.0585910318145128,"GRC"
"ROADACCID","DEATH","NBR","A",1998,2182,"",12,3.7978e+10,0.0574543156564327,"GRC"
"ROADACCID","DEATH","NBR","A",1999,2116,"",12,3.9993e+10,0.0529092591203461,"GRC"
"ROADACCID","DEATH","NBR","A",2000,2037,"",12,4.0458e+10,0.0503485095654753,"GRC"
"ROADACCID","DEATH","NBR","A",2001,1880,"",12,4.1083e+10,0.0457610203733905,"GRC"
"ROADACCID","DEATH","NBR","A",2002,1634,"",12,4.1811e+10,0.0390806247159838,"GRC"
"ROADACCID","DEATH","NBR","A",2003,1605,"",12,4.2029e+10,0.0381879178662352,"GRC"
"ROADACCID","DEATH","NBR","A",2004,1670,"",12,4.2596e+10,0.0392055592074373,"GRC"
"ROADACCID","DEATH","NBR","A",2005,1658,"",12,4.2484e+10,0.0390264570191131,"GRC"
"ROADACCID","DEATH","NBR","A",2006,1657,"",12,4.2309e+10,0.0391642440142759,"GRC"
"ROADACCID","DEATH","NBR","A",2007,1612,"",12,4.2577e+10,0.0378608168729596,"GRC"
"ROADACCID","DEATH","NBR","A",2008,1553,"",12,4.2182e+10,0.0368166516523636,"GRC"
"ROADACCID","DEATH","NBR","A",2009,1456,"",12,NA,NA,"GRC"
"ROADACCID","DEATH","NBR","A",2010,1258,"",12,NA,NA,"GRC"
"ROADACCID","DEATH","NBR","A",2011,1141,"",12,NA,NA,"GRC"
"ROADACCID","DEATH","NBR","A",2012,988,"",12,NA,NA,"GRC"
"ROADACCID","DEATH","NBR","A",2013,879,"",12,NA,NA,"GRC"
"ROADACCID","DEATH","NBR","A",2014,795,"",12,NA,NA,"GRC"
"ROADACCID","DEATH","NBR","A",2015,793,"",12,NA,NA,"GRC"
"ROADACCID","DEATH","NBR","A",1970,667,"",17,NA,NA,"LTU"
"ROADACCID","DEATH","NBR","A",1971,761,"",17,NA,NA,"LTU"
"ROADACCID","DEATH","NBR","A",1972,738,"",17,NA,NA,"LTU"
"ROADACCID","DEATH","NBR","A",1973,686,"",17,NA,NA,"LTU"
"ROADACCID","DEATH","NBR","A",1974,780,"",17,NA,NA,"LTU"
"ROADACCID","DEATH","NBR","A",1975,899,"",17,NA,NA,"LTU"
"ROADACCID","DEATH","NBR","A",1976,831,"",17,NA,NA,"LTU"
"ROADACCID","DEATH","NBR","A",1977,789,"",17,NA,NA,"LTU"
"ROADACCID","DEATH","NBR","A",1978,803,"",17,NA,NA,"LTU"
"ROADACCID","DEATH","NBR","A",1979,799,"",17,NA,NA,"LTU"
"ROADACCID","DEATH","NBR","A",1980,779,"",17,NA,NA,"LTU"
"ROADACCID","DEATH","NBR","A",1981,743,"",17,NA,NA,"LTU"
"ROADACCID","DEATH","NBR","A",1982,818,"",17,NA,NA,"LTU"
"ROADACCID","DEATH","NBR","A",1983,784,"",17,NA,NA,"LTU"
"ROADACCID","DEATH","NBR","A",1984,712,"",17,NA,NA,"LTU"
"ROADACCID","DEATH","NBR","A",1985,649,"B",17,NA,NA,"LTU"
"ROADACCID","DEATH","NBR","A",1986,617,"",17,NA,NA,"LTU"
"ROADACCID","DEATH","NBR","A",1987,623,"",17,NA,NA,"LTU"
"ROADACCID","DEATH","NBR","A",1988,765,"",17,NA,NA,"LTU"
"ROADACCID","DEATH","NBR","A",1989,942,"",17,NA,NA,"LTU"
"ROADACCID","DEATH","NBR","A",1990,933,"",17,NA,NA,"LTU"
"ROADACCID","DEATH","NBR","A",1991,1093,"",17,NA,NA,"LTU"
"ROADACCID","DEATH","NBR","A",1992,779,"",17,NA,NA,"LTU"
"ROADACCID","DEATH","NBR","A",1993,892,"",17,NA,NA,"LTU"
"ROADACCID","DEATH","NBR","A",1994,765,"",17,NA,NA,"LTU"
"ROADACCID","DEATH","NBR","A",1995,671,"",17,NA,NA,"LTU"
"ROADACCID","DEATH","NBR","A",1996,667,"",17,NA,NA,"LTU"
"ROADACCID","DEATH","NBR","A",1997,726,"",17,NA,NA,"LTU"
"ROADACCID","DEATH","NBR","A",1998,829,"",17,NA,NA,"LTU"
"ROADACCID","DEATH","NBR","A",1999,748,"",17,NA,NA,"LTU"
"ROADACCID","DEATH","NBR","A",2000,641,"",17,NA,NA,"LTU"
"ROADACCID","DEATH","NBR","A",2001,706,"",17,NA,NA,"LTU"
"ROADACCID","DEATH","NBR","A",2002,697,"",17,1.8542e+10,0.0375903354546435,"LTU"
"ROADACCID","DEATH","NBR","A",2003,709,"",17,2.1976e+10,0.0322624681470695,"LTU"
"ROADACCID","DEATH","NBR","A",2004,752,"",17,2.8939e+10,0.025985694046097,"LTU"
"ROADACCID","DEATH","NBR","A",2005,773,"",17,3.806e+10,0.0203100367840252,"LTU"
"ROADACCID","DEATH","NBR","A",2006,760,"",17,4.2755e+10,0.0177756987486844,"LTU"
"ROADACCID","DEATH","NBR","A",2007,740,"",17,4.2289e+10,0.0174986403083544,"LTU"
"ROADACCID","DEATH","NBR","A",2008,499,"",17,4.0943e+10,0.0121876755489339,"LTU"
"ROADACCID","DEATH","NBR","A",2009,370,"",17,3.8437e+10,0.00962614147826313,"LTU"
"ROADACCID","DEATH","NBR","A",2010,299,"",17,3.4917e+10,0.00856316407480597,"LTU"
"ROADACCID","DEATH","NBR","A",2011,296,"",17,3.2308e+10,0.00916181750649994,"LTU"
"ROADACCID","DEATH","NBR","A",2012,302,"",17,3.6578e+10,0.00825632894089343,"LTU"
"ROADACCID","DEATH","NBR","A",2013,256,"",17,3.5846e+10,0.0071416615521955,"LTU"
"ROADACCID","DEATH","NBR","A",2014,267,"",17,2.7038e+10,0.00987499075375398,"LTU"
"ROADACCID","DEATH","NBR","A",2015,242,"",17,2.7322e+10,0.00885733108850011,"LTU"
"ROADACCID","DEATH","NBR","A",1970,3180,"",21,7.74e+10,0.0410852713178295,"NLD"
"ROADACCID","DEATH","NBR","A",1971,3170,"",21,8.43e+10,0.0376037959667853,"NLD"
"ROADACCID","DEATH","NBR","A",1972,3260,"",21,8.68e+10,0.0375576036866359,"NLD"
"ROADACCID","DEATH","NBR","A",1973,3090,"",21,9.11e+10,0.0339187705817783,"NLD"
"ROADACCID","DEATH","NBR","A",1974,2550,"",21,9.26e+10,0.0275377969762419,"NLD"
"ROADACCID","DEATH","NBR","A",1975,2321,"",21,1.009e+11,0.0230029732408325,"NLD"
"ROADACCID","DEATH","NBR","A",1976,2430,"",21,1.07e+11,0.0227102803738318,"NLD"
"ROADACCID","DEATH","NBR","A",1977,2580,"",21,1.113e+11,0.0231805929919137,"NLD"
"ROADACCID","DEATH","NBR","A",1978,2290,"",21,1.206e+11,0.0189883913764511,"NLD"
"ROADACCID","DEATH","NBR","A",1979,1980,"",21,1.198e+11,0.0165275459098497,"NLD"
"ROADACCID","DEATH","NBR","A",1980,1997,"",21,1.213e+11,0.0164633140972795,"NLD"
"ROADACCID","DEATH","NBR","A",1981,1807,"",21,1.215e+11,0.0148724279835391,"NLD"
"ROADACCID","DEATH","NBR","A",1982,1710,"",21,1.241e+11,0.0137792103142627,"NLD"
"ROADACCID","DEATH","NBR","A",1983,1756,"",21,1.271e+11,0.0138158929976397,"NLD"
"ROADACCID","DEATH","NBR","A",1984,1615,"",21,1.326e+11,0.0121794871794872,"NLD"
"ROADACCID","DEATH","NBR","A",1985,1438,"",21,1.345e+11,0.0106914498141264,"NLD"
"ROADACCID","DEATH","NBR","A",1986,1529,"",21,1.387e+11,0.0110237923576063,"NLD"
"ROADACCID","DEATH","NBR","A",1987,1485,"",21,1.398e+11,0.0106223175965665,"NLD"
"ROADACCID","DEATH","NBR","A",1988,1366,"",21,1.431e+11,0.00954577218728162,"NLD"
"ROADACCID","DEATH","NBR","A",1989,1456,"",21,1.474e+11,0.00987788331071913,"NLD"
"ROADACCID","DEATH","NBR","A",1990,1376,"",21,1.504e+11,0.00914893617021277,"NLD"
"ROADACCID","DEATH","NBR","A",1991,1281,"",21,1.381e+11,0.00927588703837799,"NLD"
"ROADACCID","DEATH","NBR","A",1992,1285,"",21,1.426e+11,0.00901122019635344,"NLD"
"ROADACCID","DEATH","NBR","A",1993,1252,"",21,1.398e+11,0.00895565092989986,"NLD"
"ROADACCID","DEATH","NBR","A",1994,1298,"",21,1.427e+11,0.00909600560616678,"NLD"
"ROADACCID","DEATH","NBR","A",1995,1334,"",21,1.456e+11,0.00916208791208791,"NLD"
"ROADACCID","DEATH","NBR","A",1996,1251,"B",21,1.471e+11,0.00850441876274643,"NLD"
"ROADACCID","DEATH","NBR","A",1997,1235,"",21,1.509e+11,0.00818422796554009,"NLD"
"ROADACCID","DEATH","NBR","A",1998,1149,"",21,1.521e+11,0.00755424063116371,"NLD"
"ROADACCID","DEATH","NBR","A",1999,1186,"",21,1.564e+11,0.00758312020460358,"NLD"
"ROADACCID","DEATH","NBR","A",2000,1166,"",21,1.56553e+11,0.00744795692193698,"NLD"
"ROADACCID","DEATH","NBR","A",2001,1083,"",21,1.57083e+11,0.00689444433834342,"NLD"
"ROADACCID","DEATH","NBR","A",2002,1066,"",21,1.59627e+11,0.00667806824659989,"NLD"
"ROADACCID","DEATH","NBR","A",2003,1088,"",21,1.617e+11,0.00672850958565244,"NLD"
"ROADACCID","DEATH","NBR","A",2004,881,"",21,1.67449e+11,0.00526130344164492,"NLD"
"ROADACCID","DEATH","NBR","A",2005,817,"",21,1.64834e+11,0.00495650169261196,"NLD"
"ROADACCID","DEATH","NBR","A",2006,811,"",21,1.6363e+11,0.00495630385626108,"NLD"
"ROADACCID","DEATH","NBR","A",2007,791,"",21,1.66605e+11,0.00474775666996789,"NLD"
"ROADACCID","DEATH","NBR","A",2008,750,"",21,1.63236e+11,0.00459457472616335,"NLD"
"ROADACCID","DEATH","NBR","A",2009,720,"",21,NA,NA,"NLD"
"ROADACCID","DEATH","NBR","A",2010,640,"",21,NA,NA,"NLD"
"ROADACCID","DEATH","NBR","A",2011,661,"",21,NA,NA,"NLD"
"ROADACCID","DEATH","NBR","A",2012,650,"",21,NA,NA,"NLD"
"ROADACCID","DEATH","NBR","A",2013,570,"",21,NA,NA,"NLD"
"ROADACCID","DEATH","NBR","A",2014,570,"",21,NA,NA,"NLD"
"ROADACCID","DEATH","NBR","A",2015,621,"",21,NA,NA,"NLD"
"ROADACCID","DEATH","NBR","A",1970,4200,"",7,8.5257e+10,0.0492628171293853,"ESP"
"ROADACCID","DEATH","NBR","A",1971,4200,"",7,9.7324e+10,0.0431548230652254,"ESP"
"ROADACCID","DEATH","NBR","A",1972,4500,"",7,1.06058e+11,0.0424296139848008,"ESP"
"ROADACCID","DEATH","NBR","A",1973,4800,"",7,1.15568e+11,0.0415339886473764,"ESP"
"ROADACCID","DEATH","NBR","A",1974,4300,"",7,1.19807e+11,0.0358910581184739,"ESP"
"ROADACCID","DEATH","NBR","A",1975,4487,"",7,1.26215e+11,0.0355504496296003,"ESP"
"ROADACCID","DEATH","NBR","A",1976,4800,"",7,1.34961e+11,0.0355658301287038,"ESP"
"ROADACCID","DEATH","NBR","A",1977,4800,"",7,1.41424e+11,0.0339404910057699,"ESP"
"ROADACCID","DEATH","NBR","A",1978,5300,"",7,1.50537e+11,0.0352072912307273,"ESP"
"ROADACCID","DEATH","NBR","A",1979,5100,"",7,1.57736e+11,0.0323325049449713,"ESP"
"ROADACCID","DEATH","NBR","A",1980,5017,"",7,1.58995e+11,0.0315544513978427,"ESP"
"ROADACCID","DEATH","NBR","A",1981,4930,"",7,1.60105e+11,0.0307922925580088,"ESP"
"ROADACCID","DEATH","NBR","A",1982,4486,"",7,1.65669e+11,0.0270780894434082,"ESP"
"ROADACCID","DEATH","NBR","A",1983,4666,"",7,1.50799e+11,0.0309418497470142,"ESP"
"ROADACCID","DEATH","NBR","A",1984,4827,"",7,1.40899e+11,0.0342585823888033,"ESP"
"ROADACCID","DEATH","NBR","A",1985,4903,"",7,1.51558e+11,0.0323506512358305,"ESP"
"ROADACCID","DEATH","NBR","A",1986,5419,"",7,1.62731e+11,0.0333003545728841,"ESP"
"ROADACCID","DEATH","NBR","A",1987,5862,"",7,1.73337e+11,0.0338185153775593,"ESP"
"ROADACCID","DEATH","NBR","A",1988,6348,"",7,1.84309e+11,0.0344421596340928,"ESP"
"ROADACCID","DEATH","NBR","A",1989,7188,"",7,1.95366e+11,0.0367924818033844,"ESP"
"ROADACCID","DEATH","NBR","A",1990,6948,"",7,2.07765e+11,0.0334416287632662,"ESP"
"ROADACCID","DEATH","NBR","A",1991,6797,"",7,2.18295e+11,0.0311367644700978,"ESP"
"ROADACCID","DEATH","NBR","A",1992,6014,"",7,2.29291e+11,0.0262286788404255,"ESP"
"ROADACCID","DEATH","NBR","A",1993,6378,"",7,2.35523e+11,0.0270801577765229,"ESP"
"ROADACCID","DEATH","NBR","A",1994,5615,"",7,2.43304e+11,0.0230781244862394,"ESP"
"ROADACCID","DEATH","NBR","A",1995,5751,"",7,2.51189e+11,0.0228951108527842,"ESP"
"ROADACCID","DEATH","NBR","A",1996,5483,"",7,2.56866e+11,0.0213457600460941,"ESP"
"ROADACCID","DEATH","NBR","A",1997,5604,"",7,2.71801e+11,0.0206180256879114,"ESP"
"ROADACCID","DEATH","NBR","A",1998,5957,"",7,3.20972e+11,0.0185592512742545,"ESP"
"ROADACCID","DEATH","NBR","A",1999,5738,"",7,3.41329e+11,0.0168107602928553,"ESP"
"ROADACCID","DEATH","NBR","A",2000,5776,"",7,3.30263e+11,0.0174890920266575,"ESP"
"ROADACCID","DEATH","NBR","A",2001,5517,"",7,3.3652e+11,0.0163942707714252,"ESP"
"ROADACCID","DEATH","NBR","A",2002,5347,"",7,3.62576e+11,0.014747252989718,"ESP"
"ROADACCID","DEATH","NBR","A",2003,5399,"",7,3.71137e+11,0.0145471887739568,"ESP"
"ROADACCID","DEATH","NBR","A",2004,4741,"",7,3.8365e+11,0.0123576176202268,"ESP"
"ROADACCID","DEATH","NBR","A",2005,4442,"",7,3.90973e+11,0.0113613983574313,"ESP"
"ROADACCID","DEATH","NBR","A",2006,4104,"",7,3.90306e+11,0.010514826828181,"ESP"
"ROADACCID","DEATH","NBR","A",2007,3823,"",7,4.02456e+11,0.00949917506510028,"ESP"
"ROADACCID","DEATH","NBR","A",2008,3100,"",7,4.03475e+11,0.00768325175041824,"ESP"
"ROADACCID","DEATH","NBR","A",2009,2714,"",7,4.07444e+11,0.00666103808130688,"ESP"
"ROADACCID","DEATH","NBR","A",2010,2478,"",7,3.92531e+11,0.00631287719950781,"ESP"
"ROADACCID","DEATH","NBR","A",2011,2060,"",7,3.89763e+11,0.00528526309577872,"ESP"
"ROADACCID","DEATH","NBR","A",2012,1903,"",7,3.75576e+11,0.00506688393294566,"ESP"
"ROADACCID","DEATH","NBR","A",2013,1680,"",7,3.70375e+11,0.00453594330070874,"ESP"
"ROADACCID","DEATH","NBR","A",2014,1688,"",7,3.48173e+11,0.0048481645618701,"ESP"
"ROADACCID","DEATH","NBR","A",2015,1689,"",7,3.63942e+11,0.00464084936610779,"ESP"
"ROADACCID","DEATH","NBR","A",1970,7771,"",11,3.57e+11,0.0217675070028011,"GBR"
"ROADACCID","DEATH","NBR","A",1971,8003,"",11,3.73e+11,0.021455764075067,"GBR"
"ROADACCID","DEATH","NBR","A",1972,8135,"",11,3.87e+11,0.0210206718346253,"GBR"
"ROADACCID","DEATH","NBR","A",1973,7741,"",11,4.06e+11,0.0190665024630542,"GBR"
"ROADACCID","DEATH","NBR","A",1974,7199,"",11,3.94e+11,0.0182715736040609,"GBR"
"ROADACCID","DEATH","NBR","A",1975,6679,"",11,3.91e+11,0.0170818414322251,"GBR"
"ROADACCID","DEATH","NBR","A",1976,6870,"",11,4.06e+11,0.0169211822660099,"GBR"
"ROADACCID","DEATH","NBR","A",1977,6969,"",11,4.12e+11,0.0169150485436893,"GBR"
"ROADACCID","DEATH","NBR","A",1978,7119,"",11,4.24e+11,0.0167900943396226,"GBR"
"ROADACCID","DEATH","NBR","A",1979,6645,"",11,4.21e+11,0.0157838479809976,"GBR"
"ROADACCID","DEATH","NBR","A",1980,6239,"",11,4.4e+11,0.0141795454545455,"GBR"
"ROADACCID","DEATH","NBR","A",1981,6069,"",11,4.42e+11,0.0137307692307692,"GBR"
"ROADACCID","DEATH","NBR","A",1982,6150,"",11,4.54e+11,0.0135462555066079,"GBR"
"ROADACCID","DEATH","NBR","A",1983,5618,"",11,4.59e+11,0.012239651416122,"GBR"
"ROADACCID","DEATH","NBR","A",1984,5788,"",11,4.8e+11,0.0120583333333333,"GBR"
"ROADACCID","DEATH","NBR","A",1985,5342,"",11,4.898e+11,0.0109064924458963,"GBR"
"ROADACCID","DEATH","NBR","A",1986,5618,"",11,511747184900,0.0109780769992859,"GBR"
"ROADACCID","DEATH","NBR","A",1987,5339,"",11,546996109100,0.00976058131160114,"GBR"
"ROADACCID","DEATH","NBR","A",1988,5230,"",11,582843234400,0.00897325334038397,"GBR"
"ROADACCID","DEATH","NBR","A",1989,5554,"",11,628139253700,0.00884198840827833,"GBR"
"ROADACCID","DEATH","NBR","A",1990,5402,"",11,633608012200,0.0085257760255324,"GBR"
"ROADACCID","DEATH","NBR","A",1991,4753,"",11,625910511100,0.00759373730862402,"GBR"
"ROADACCID","DEATH","NBR","A",1992,4379,"",11,625544474200,0.00700030162619571,"GBR"
"ROADACCID","DEATH","NBR","A",1993,3957,"",11,6.509e+11,0.00607927485020741,"GBR"
"ROADACCID","DEATH","NBR","A",1994,3807,"",11,6.577e+11,0.00578835335259237,"GBR"
"ROADACCID","DEATH","NBR","A",1995,3765,"",11,6.612e+11,0.00569419237749546,"GBR"
"ROADACCID","DEATH","NBR","A",1996,3740,"",11,665465472000,0.00562012629860381,"GBR"
"ROADACCID","DEATH","NBR","A",1997,3743,"",11,676368442500,0.00553396605282926,"GBR"
"ROADACCID","DEATH","NBR","A",1998,3581,"",11,680577522600,0.00526170771306046,"GBR"
"ROADACCID","DEATH","NBR","A",1999,3564,"",11,688286682000,0.00517807491152357,"GBR"
"ROADACCID","DEATH","NBR","A",2000,3580,"",11,685066072500,0.00522577331400396,"GBR"
"ROADACCID","DEATH","NBR","A",2001,3598,"",11,697936199700,0.00515519900178062,"GBR"
"ROADACCID","DEATH","NBR","A",2002,3581,"",11,719619469200,0.00497624112919151,"GBR"
"ROADACCID","DEATH","NBR","A",2003,3658,"",11,714356338900,0.00512069369417616,"GBR"
"ROADACCID","DEATH","NBR","A",2004,3368,"",11,713486059100,0.00472048466405698,"GBR"
"ROADACCID","DEATH","NBR","A",2005,3336,"",11,709177570200,0.00470404048320252,"GBR"
"ROADACCID","DEATH","NBR","A",2006,3298,"",11,712903502400,0.00462615205129058,"GBR"
"ROADACCID","DEATH","NBR","A",2007,3059,"",11,713789542000,0.00428557693830712,"GBR"
"ROADACCID","DEATH","NBR","A",2008,2645,"",11,709810868200,0.00372634474688648,"GBR"
"ROADACCID","DEATH","NBR","A",2009,2337,"",11,706186338400,0.00330932485226905,"GBR"
"ROADACCID","DEATH","NBR","A",2010,1905,"",11,690422317800,0.00275918079541548,"GBR"
"ROADACCID","DEATH","NBR","A",2011,1960,"",11,686926397800,0.00285328967743449,"GBR"
"ROADACCID","DEATH","NBR","A",2012,1802,"",11,689558264500,0.00261326720709617,"GBR"
"ROADACCID","DEATH","NBR","A",2013,1770,"",11,682226875300,0.00259444484537738,"GBR"
"ROADACCID","DEATH","NBR","A",2014,1854,"",11,693953352400,0.00267164931704421,"GBR"
"ROADACCID","DEATH","NBR","A",2015,1804,"",11,694493499200,0.00259757651018773,"GBR"
"ROADACCID","DEATH","NBR","A",1970,1938,"",24,7.858e+09,0.246627640621023,"ROU"
"ROADACCID","DEATH","NBR","A",1971,1807,"",24,8.992e+09,0.20095640569395,"ROU"
"ROADACCID","DEATH","NBR","A",1972,2062,"",24,1.0231e+10,0.201544326067833,"ROU"
"ROADACCID","DEATH","NBR","A",1973,2033,"",24,1.1866e+10,0.171329849991573,"ROU"
"ROADACCID","DEATH","NBR","A",1974,1951,"",24,1.3739e+10,0.14200451270107,"ROU"
"ROADACCID","DEATH","NBR","A",1975,2156,"",24,1.8915e+10,0.113983610890827,"ROU"
"ROADACCID","DEATH","NBR","A",1976,2222,"",24,1.8668e+10,0.119027212341976,"ROU"
"ROADACCID","DEATH","NBR","A",1977,2278,"",24,2.009e+10,0.113389746142359,"ROU"
"ROADACCID","DEATH","NBR","A",1978,2193,"",24,2.1918e+10,0.100054749520942,"ROU"
"ROADACCID","DEATH","NBR","A",1979,2047,"",24,2.3245e+10,0.0880619488061949,"ROU"
"ROADACCID","DEATH","NBR","A",1980,1863,"",24,2.4016e+10,0.0775732844770153,"ROU"
"ROADACCID","DEATH","NBR","A",1981,1751,"",24,2.4652e+10,0.0710287197793282,"ROU"
"ROADACCID","DEATH","NBR","A",1982,1616,"",24,2.4164e+10,0.0668763449759974,"ROU"
"ROADACCID","DEATH","NBR","A",1983,1522,"",24,2.1493e+10,0.0708137533150328,"ROU"
"ROADACCID","DEATH","NBR","A",1984,1449,"",24,2.2537e+10,0.0642942716421884,"ROU"
"ROADACCID","DEATH","NBR","A",1985,1340,"",24,2.1685e+10,0.0617938667281531,"ROU"
"ROADACCID","DEATH","NBR","A",1986,1229,"",24,2.2263e+10,0.0552037012082828,"ROU"
"ROADACCID","DEATH","NBR","A",1987,1188,"",24,2.2438e+10,0.0529458953560923,"ROU"
"ROADACCID","DEATH","NBR","A",1988,1195,"",24,2.2989e+10,0.0519813824002784,"ROU"
"ROADACCID","DEATH","NBR","A",1989,1106,"",24,2.3077e+10,0.0479265069116436,"ROU"
"ROADACCID","DEATH","NBR","A",1990,3782,"B",24,2.4007e+10,0.157537384929396,"ROU"
"ROADACCID","DEATH","NBR","A",1991,3078,"",24,2.0835e+10,0.147732181425486,"ROU"
"ROADACCID","DEATH","NBR","A",1992,2816,"",24,2.5649e+10,0.109789855354985,"ROU"
"ROADACCID","DEATH","NBR","A",1993,2826,"",24,2.0512e+10,0.137773010920437,"ROU"
"ROADACCID","DEATH","NBR","A",1994,2877,"",24,1.4058e+10,0.204652155356381,"ROU"
"ROADACCID","DEATH","NBR","A",1995,2845,"",24,1.2343e+10,0.23049501741878,"ROU"
"ROADACCID","DEATH","NBR","A",1996,2845,"",24,1.2842e+10,0.221538701136895,"ROU"
"ROADACCID","DEATH","NBR","A",1997,2863,"",24,1.3531e+10,0.211588204862907,"ROU"
"ROADACCID","DEATH","NBR","A",1998,2778,"",24,8.962e+09,0.309975451908056,"ROU"
"ROADACCID","DEATH","NBR","A",1999,2505,"",24,8.323e+09,0.300973206776403,"ROU"
"ROADACCID","DEATH","NBR","A",2000,2499,"",24,7.7e+09,0.324545454545455,"ROU"
"ROADACCID","DEATH","NBR","A",2001,2461,"",24,7.073e+09,0.347942881379895,"ROU"
"ROADACCID","DEATH","NBR","A",2002,2398,"",24,6.987e+09,0.343208816373265,"ROU"
"ROADACCID","DEATH","NBR","A",2003,2235,"",24,9.455e+09,0.236382866208355,"ROU"
"ROADACCID","DEATH","NBR","A",2004,2418,"",24,9.438e+09,0.256198347107438,"ROU"
"ROADACCID","DEATH","NBR","A",2005,2641,"",24,1.1812e+10,0.223586183542161,"ROU"
"ROADACCID","DEATH","NBR","A",2006,2587,"",24,1.1735e+10,0.22045164039199,"ROU"
"ROADACCID","DEATH","NBR","A",2007,2800,"",24,1.2156e+10,0.23033892727871,"ROU"
"ROADACCID","DEATH","NBR","A",2008,3065,"",24,1.3881e+10,0.220805417477127,"ROU"
"ROADACCID","DEATH","NBR","A",2009,2797,"",24,1.2805e+10,0.218430300663803,"ROU"
"ROADACCID","DEATH","NBR","A",2010,2377,"",24,1.1955e+10,0.198828941865328,"ROU"
"ROADACCID","DEATH","NBR","A",2011,2018,"",24,1.1773e+10,0.171409156544636,"ROU"
"ROADACCID","DEATH","NBR","A",2012,2042,"",24,1.2584e+10,0.162269548633185,"ROU"
"ROADACCID","DEATH","NBR","A",2013,1861,"",24,1.2923e+10,0.144006809564343,"ROU"
"ROADACCID","DEATH","NBR","A",2014,1818,"",24,1.4061e+10,0.129293791337743,"ROU"
"ROADACCID","DEATH","NBR","A",2015,1893,"",24,1.7471e+10,0.108350981626696,"ROU"
"ROADACCID","DEATH","NBR","A",1970,2950,"",2,5.8576e+10,0.0503619229718656,"BEL"
"ROADACCID","DEATH","NBR","A",1971,3070,"",2,5.9759e+10,0.0513730149433558,"BEL"
"ROADACCID","DEATH","NBR","A",1972,3130,"",2,6.2664e+10,0.0499489339971914,"BEL"
"ROADACCID","DEATH","NBR","A",1973,2920,"",2,6.4578e+10,0.0452166372448822,"BEL"
"ROADACCID","DEATH","NBR","A",1974,2670,"",2,6.6742e+10,0.0400047945821222,"BEL"
"ROADACCID","DEATH","NBR","A",1975,2346,"",2,6.7159e+10,0.0349320269807472,"BEL"
"ROADACCID","DEATH","NBR","A",1976,2490,"",2,6.9069e+10,0.036050905616123,"BEL"
"ROADACCID","DEATH","NBR","A",1977,2520,"",2,7.2094e+10,0.0349543651344079,"BEL"
"ROADACCID","DEATH","NBR","A",1978,2590,"",2,7.3137e+10,0.0354129920560045,"BEL"
"ROADACCID","DEATH","NBR","A",1979,2330,"",2,7.576e+10,0.0307550158394931,"BEL"
"ROADACCID","DEATH","NBR","A",1980,2396,"",2,7.4451e+10,0.0321822406683591,"BEL"
"ROADACCID","DEATH","NBR","A",1981,2216,"",2,7.5684e+10,0.029279636382855,"BEL"
"ROADACCID","DEATH","NBR","A",1982,2064,"",2,7.5285e+10,0.0274158198844391,"BEL"
"ROADACCID","DEATH","NBR","A",1983,2090,"",2,7.5172e+10,0.0278029053370936,"BEL"
"ROADACCID","DEATH","NBR","A",1984,1893,"",2,7.5862e+10,0.0249532045029132,"BEL"
"ROADACCID","DEATH","NBR","A",1985,1801,"",2,7.6326e+10,0.0235961533422425,"BEL"
"ROADACCID","DEATH","NBR","A",1986,1951,"",2,7.7408e+10,0.0252041132699463,"BEL"
"ROADACCID","DEATH","NBR","A",1987,1922,"",2,8.044e+10,0.0238935852809548,"BEL"
"ROADACCID","DEATH","NBR","A",1988,1967,"",2,8.3173e+10,0.0236495016411576,"BEL"
"ROADACCID","DEATH","NBR","A",1989,1993,"",2,8.6155e+10,0.0231327259009924,"BEL"
"ROADACCID","DEATH","NBR","A",1990,1976,"",2,9.2158e+10,0.0214414375311964,"BEL"
"ROADACCID","DEATH","NBR","A",1991,1874,"",2,9.3322e+10,0.0200810098369088,"BEL"
"ROADACCID","DEATH","NBR","A",1992,1672,"",2,9.4748e+10,0.0176468104867649,"BEL"
"ROADACCID","DEATH","NBR","A",1993,1660,"",2,9.8474e+10,0.016857241505372,"BEL"
"ROADACCID","DEATH","NBR","A",1994,1692,"",2,1.01497e+11,0.0166704434613831,"BEL"
"ROADACCID","DEATH","NBR","A",1995,1505,"",2,1.04228e+11,0.0144394980235637,"BEL"
"ROADACCID","DEATH","NBR","A",1996,1356,"",2,1.04096e+11,0.0130264371349524,"BEL"
"ROADACCID","DEATH","NBR","A",1997,1364,"",2,1.07343e+11,0.0127069301212003,"BEL"
"ROADACCID","DEATH","NBR","A",1998,1500,"",2,1.1296e+11,0.0132790368271955,"BEL"
"ROADACCID","DEATH","NBR","A",1999,1397,"",2,1.1646e+11,0.0119955349476215,"BEL"
"ROADACCID","DEATH","NBR","A",2000,1470,"",2,1.194e+11,0.0123115577889447,"BEL"
"ROADACCID","DEATH","NBR","A",2001,1486,"",2,1.2147e+11,0.0122334732855849,"BEL"
"ROADACCID","DEATH","NBR","A",2002,1353,"",2,1.2396e+11,0.0109148112294288,"BEL"
"ROADACCID","DEATH","NBR","A",2003,1216,"",2,1.2473e+11,0.00974905796520484,"BEL"
"ROADACCID","DEATH","NBR","A",2004,1163,"",2,1.268e+11,0.00917192429022082,"BEL"
"ROADACCID","DEATH","NBR","A",2005,1131,"",2,1.2696e+11,0.00890831758034026,"BEL"
"ROADACCID","DEATH","NBR","A",2006,1106,"",2,1.2799e+11,0.00864130010157044,"BEL"
"ROADACCID","DEATH","NBR","A",2007,1094,"",2,1.3081e+11,0.00836327497897714,"BEL"
"ROADACCID","DEATH","NBR","A",2008,980,"",2,1.3062e+11,0.007502679528403,"BEL"
"ROADACCID","DEATH","NBR","A",2009,956,"",2,1.3106e+11,0.00729436899130169,"BEL"
"ROADACCID","DEATH","NBR","A",2010,850,"",2,1.26773e+11,0.00670489773058932,"BEL"
"ROADACCID","DEATH","NBR","A",2011,884,"",2,1.2764e+11,0.00692572861172046,"BEL"
"ROADACCID","DEATH","NBR","A",2012,827,"",2,1.28046e+11,0.00645861643471877,"BEL"
"ROADACCID","DEATH","NBR","A",2013,764,"",2,1.2153e+11,0.0062865136180367,"BEL"
"ROADACCID","DEATH","NBR","A",2014,745,"",2,1.2398e+11,0.00600903371511534,"BEL"
"ROADACCID","DEATH","NBR","A",2015,762,"",2,1.2224e+11,0.0062336387434555,"BEL"
"ROADACCID","DEATH","NBR","A",1970,132,"",18,NA,NA,"LUX"
"ROADACCID","DEATH","NBR","A",1971,86,"",18,NA,NA,"LUX"
"ROADACCID","DEATH","NBR","A",1972,107,"",18,NA,NA,"LUX"
"ROADACCID","DEATH","NBR","A",1973,108,"",18,NA,NA,"LUX"
"ROADACCID","DEATH","NBR","A",1974,127,"",18,NA,NA,"LUX"
"ROADACCID","DEATH","NBR","A",1975,124,"",18,NA,NA,"LUX"
"ROADACCID","DEATH","NBR","A",1976,100,"",18,NA,NA,"LUX"
"ROADACCID","DEATH","NBR","A",1977,110,"",18,NA,NA,"LUX"
"ROADACCID","DEATH","NBR","A",1978,102,"",18,NA,NA,"LUX"
"ROADACCID","DEATH","NBR","A",1979,90,"",18,NA,NA,"LUX"
"ROADACCID","DEATH","NBR","A",1980,98,"",18,NA,NA,"LUX"
"ROADACCID","DEATH","NBR","A",1981,100,"",18,NA,NA,"LUX"
"ROADACCID","DEATH","NBR","A",1982,75,"",18,NA,NA,"LUX"
"ROADACCID","DEATH","NBR","A",1983,85,"",18,NA,NA,"LUX"
"ROADACCID","DEATH","NBR","A",1984,70,"",18,NA,NA,"LUX"
"ROADACCID","DEATH","NBR","A",1985,79,"",18,NA,NA,"LUX"
"ROADACCID","DEATH","NBR","A",1986,79,"",18,NA,NA,"LUX"
"ROADACCID","DEATH","NBR","A",1987,68,"",18,NA,NA,"LUX"
"ROADACCID","DEATH","NBR","A",1988,84,"",18,NA,NA,"LUX"
"ROADACCID","DEATH","NBR","A",1989,67,"",18,NA,NA,"LUX"
"ROADACCID","DEATH","NBR","A",1990,71,"",18,NA,NA,"LUX"
"ROADACCID","DEATH","NBR","A",1991,83,"",18,NA,NA,"LUX"
"ROADACCID","DEATH","NBR","A",1992,69,"",18,NA,NA,"LUX"
"ROADACCID","DEATH","NBR","A",1993,78,"",18,NA,NA,"LUX"
"ROADACCID","DEATH","NBR","A",1994,66,"",18,NA,NA,"LUX"
"ROADACCID","DEATH","NBR","A",1995,70,"",18,NA,NA,"LUX"
"ROADACCID","DEATH","NBR","A",1996,71,"",18,NA,NA,"LUX"
"ROADACCID","DEATH","NBR","A",1997,60,"",18,NA,NA,"LUX"
"ROADACCID","DEATH","NBR","A",1998,57,"",18,NA,NA,"LUX"
"ROADACCID","DEATH","NBR","A",1999,58,"",18,NA,NA,"LUX"
"ROADACCID","DEATH","NBR","A",2000,76,"",18,NA,NA,"LUX"
"ROADACCID","DEATH","NBR","A",2001,70,"",18,NA,NA,"LUX"
"ROADACCID","DEATH","NBR","A",2002,62,"",18,NA,NA,"LUX"
"ROADACCID","DEATH","NBR","A",2003,53,"",18,NA,NA,"LUX"
"ROADACCID","DEATH","NBR","A",2004,50,"",18,NA,NA,"LUX"
"ROADACCID","DEATH","NBR","A",2005,47,"",18,NA,NA,"LUX"
"ROADACCID","DEATH","NBR","A",2006,43,"",18,NA,NA,"LUX"
"ROADACCID","DEATH","NBR","A",2007,45,"",18,NA,NA,"LUX"
"ROADACCID","DEATH","NBR","A",2008,35,"",18,NA,NA,"LUX"
"ROADACCID","DEATH","NBR","A",2009,48,"",18,NA,NA,"LUX"
"ROADACCID","DEATH","NBR","A",2010,32,"",18,NA,NA,"LUX"
"ROADACCID","DEATH","NBR","A",2011,33,"",18,NA,NA,"LUX"
"ROADACCID","DEATH","NBR","A",2012,34,"",18,NA,NA,"LUX"
"ROADACCID","DEATH","NBR","A",2013,45,"",18,NA,NA,"LUX"
"ROADACCID","DEATH","NBR","A",2014,35,"",18,NA,NA,"LUX"
"ROADACCID","DEATH","NBR","A",2015,36,"",18,NA,NA,"LUX"
"ROADACCID","DEATH","NBR","A",1970,1055,"",9,3.12e+10,0.0338141025641026,"FIN"
"ROADACCID","DEATH","NBR","A",1971,1143,"",9,3.24e+10,0.0352777777777778,"FIN"
"ROADACCID","DEATH","NBR","A",1972,1156,"",9,3.41e+10,0.033900293255132,"FIN"
"ROADACCID","DEATH","NBR","A",1973,1086,"",9,3.58e+10,0.0303351955307263,"FIN"
"ROADACCID","DEATH","NBR","A",1974,865,"",9,3.75e+10,0.0230666666666667,"FIN"
"ROADACCID","DEATH","NBR","A",1975,910,"",9,3.92e+10,0.0232142857142857,"FIN"
"ROADACCID","DEATH","NBR","A",1976,804,"",9,4.01e+10,0.0200498753117207,"FIN"
"ROADACCID","DEATH","NBR","A",1977,709,"",9,4.04e+10,0.0175495049504951,"FIN"
"ROADACCID","DEATH","NBR","A",1978,610,"",9,4.11e+10,0.0148418491484185,"FIN"
"ROADACCID","DEATH","NBR","A",1979,650,"",9,4.18e+10,0.0155502392344498,"FIN"
"ROADACCID","DEATH","NBR","A",1980,551,"",9,4.33e+10,0.0127251732101617,"FIN"
"ROADACCID","DEATH","NBR","A",1981,555,"",9,4.44e+10,0.0125,"FIN"
"ROADACCID","DEATH","NBR","A",1982,569,"",9,4.6e+10,0.0123695652173913,"FIN"
"ROADACCID","DEATH","NBR","A",1983,604,"",9,4.79e+10,0.0126096033402923,"FIN"
"ROADACCID","DEATH","NBR","A",1984,541,"",9,4.98e+10,0.010863453815261,"FIN"
"ROADACCID","DEATH","NBR","A",1985,541,"",9,5.23e+10,0.0103441682600382,"FIN"
"ROADACCID","DEATH","NBR","A",1986,612,"",9,5.37e+10,0.0113966480446927,"FIN"
"ROADACCID","DEATH","NBR","A",1987,581,"",9,5.46e+10,0.0106410256410256,"FIN"
"ROADACCID","DEATH","NBR","A",1988,653,"",9,5.71e+10,0.0114360770577933,"FIN"
"ROADACCID","DEATH","NBR","A",1989,734,"",9,5.84e+10,0.0125684931506849,"FIN"
"ROADACCID","DEATH","NBR","A",1990,649,"",9,5.97e+10,0.0108710217755444,"FIN"
"ROADACCID","DEATH","NBR","A",1991,632,"",9,5.87e+10,0.0107666098807496,"FIN"
"ROADACCID","DEATH","NBR","A",1992,601,"",9,5.85e+10,0.0102735042735043,"FIN"
"ROADACCID","DEATH","NBR","A",1993,484,"",9,5.77e+10,0.00838821490467938,"FIN"
"ROADACCID","DEATH","NBR","A",1994,480,"",9,5.76e+10,0.00833333333333333,"FIN"
"ROADACCID","DEATH","NBR","A",1995,441,"",9,5.8e+10,0.00760344827586207,"FIN"
"ROADACCID","DEATH","NBR","A",1996,404,"",9,5.84e+10,0.00691780821917808,"FIN"
"ROADACCID","DEATH","NBR","A",1997,438,"",9,5.99e+10,0.00731218697829716,"FIN"
"ROADACCID","DEATH","NBR","A",1998,400,"",9,6.11e+10,0.00654664484451718,"FIN"
"ROADACCID","DEATH","NBR","A",1999,431,"",9,6.25e+10,0.006896,"FIN"
"ROADACCID","DEATH","NBR","A",2000,396,"",9,6.34e+10,0.00624605678233439,"FIN"
"ROADACCID","DEATH","NBR","A",2001,433,"",9,6.47e+10,0.00669242658423493,"FIN"
"ROADACCID","DEATH","NBR","A",2002,415,"",9,6.6e+10,0.00628787878787879,"FIN"
"ROADACCID","DEATH","NBR","A",2003,379,"",9,6.726e+10,0.00563484983645555,"FIN"
"ROADACCID","DEATH","NBR","A",2004,375,"",9,6.8545e+10,0.00547085856007003,"FIN"
"ROADACCID","DEATH","NBR","A",2005,379,"",9,6.945e+10,0.00545716342692585,"FIN"
"ROADACCID","DEATH","NBR","A",2006,336,"",9,6.9995e+10,0.0048003428816344,"FIN"
"ROADACCID","DEATH","NBR","A",2007,380,"",9,7.1325e+10,0.00532772520154224,"FIN"
"ROADACCID","DEATH","NBR","A",2008,344,"",9,7.094e+10,0.00484916831124894,"FIN"
"ROADACCID","DEATH","NBR","A",2009,279,"",9,7.187e+10,0.00388200918324753,"FIN"
"ROADACCID","DEATH","NBR","A",2010,272,"",9,7.2285e+10,0.00376288303244103,"FIN"
"ROADACCID","DEATH","NBR","A",2011,292,"",9,7.303e+10,0.00399835683965494,"FIN"
"ROADACCID","DEATH","NBR","A",2012,255,"",9,7.281e+10,0.00350226617222909,"FIN"
"ROADACCID","DEATH","NBR","A",2013,258,"",9,7.2655e+10,0.00355102883490469,"FIN"
"ROADACCID","DEATH","NBR","A",2014,229,"",9,7.306e+10,0.00313441007391185,"FIN"
"ROADACCID","DEATH","NBR","A",2015,270,"",9,7.3835e+10,0.00365680232951852,"FIN"
"ROADACCID","DEATH","NBR","A",1970,11025,"",16,2.43938e+11,0.0451959104362584,"ITA"
"ROADACCID","DEATH","NBR","A",1971,10912,"",16,2.8209e+11,0.0386826899216562,"ITA"
"ROADACCID","DEATH","NBR","A",1972,11964,"",16,3.10083e+11,0.0385832180416211,"ITA"
"ROADACCID","DEATH","NBR","A",1973,11586,"",16,3.16833e+11,0.0365681605135829,"ITA"
"ROADACCID","DEATH","NBR","A",1974,10365,"",16,2.99407e+11,0.0346184290948441,"ITA"
"ROADACCID","DEATH","NBR","A",1975,10272,"",16,3.21588e+11,0.0319414903541177,"ITA"
"ROADACCID","DEATH","NBR","A",1976,9641,"",16,3.32028e+11,0.0290367077475394,"ITA"
"ROADACCID","DEATH","NBR","A",1977,8879,"",16,3.43391e+11,0.0258568221065782,"ITA"
"ROADACCID","DEATH","NBR","A",1978,8602,"",16,3.76964e+11,0.0228191551447884,"ITA"
"ROADACCID","DEATH","NBR","A",1979,8983,"",16,3.7559e+11,0.0239170371948135,"ITA"
"ROADACCID","DEATH","NBR","A",1980,9220,"",16,3.8187e+11,0.0241443423154477,"ITA"
"ROADACCID","DEATH","NBR","A",1981,8718,"",16,3.95095e+11,0.0220655791645047,"ITA"
"ROADACCID","DEATH","NBR","A",1982,8322,"",16,4.20534e+11,0.0197891252550329,"ITA"
"ROADACCID","DEATH","NBR","A",1983,8300,"",16,3.98251e+11,0.020841127831443,"ITA"
"ROADACCID","DEATH","NBR","A",1984,7759,"",16,4.20443e+11,0.0184543445841648,"ITA"
"ROADACCID","DEATH","NBR","A",1985,7700,"",16,4.4178e+11,0.0174294897912988,"ITA"
"ROADACCID","DEATH","NBR","A",1986,7642,"",16,4.65186e+11,0.0164278374671637,"ITA"
"ROADACCID","DEATH","NBR","A",1987,7327,"",16,4.99944e+11,0.0146556414318404,"ITA"
"ROADACCID","DEATH","NBR","A",1988,7494,"",16,5.39824e+11,0.013882302380035,"ITA"
"ROADACCID","DEATH","NBR","A",1989,6923,"",16,5.59144e+11,0.0123814258938663,"ITA"
"ROADACCID","DEATH","NBR","A",1990,7151,"",16,6.06549e+11,0.0117896493111026,"ITA"
"ROADACCID","DEATH","NBR","A",1991,8098,"",16,6.23635e+11,0.0129851595885414,"ITA"
"ROADACCID","DEATH","NBR","A",1992,8029,"",16,6.7522e+11,0.0118909392494298,"ITA"
"ROADACCID","DEATH","NBR","A",1993,7177,"",16,6.69385e+11,0.0107217819341634,"ITA"
"ROADACCID","DEATH","NBR","A",1994,7104,"",16,6.80101e+11,0.0104455073584659,"ITA"
"ROADACCID","DEATH","NBR","A",1995,7033,"",16,7.0186e+11,0.0100205169122047,"ITA"
"ROADACCID","DEATH","NBR","A",1996,6688,"",16,7.16119e+11,0.00933922993245536,"ITA"
"ROADACCID","DEATH","NBR","A",1997,6724,"",16,7.2884e+11,0.00922561879150431,"ITA"
"ROADACCID","DEATH","NBR","A",1998,6849,"",16,7.53054e+11,0.00909496530129313,"ITA"
"ROADACCID","DEATH","NBR","A",1999,6688,"",16,7.55274e+11,0.00885506451963129,"ITA"
"ROADACCID","DEATH","NBR","A",2000,7061,"",16,8.07481e+11,0.00874447819824863,"ITA"
"ROADACCID","DEATH","NBR","A",2001,7096,"",16,8.13276e+11,0.00872520521938432,"ITA"
"ROADACCID","DEATH","NBR","A",2002,6980,"",16,8.08678e+11,0.00863137120089826,"ITA"
"ROADACCID","DEATH","NBR","A",2003,6563,"",16,8.09307e+11,0.00810940718417115,"ITA"
"ROADACCID","DEATH","NBR","A",2004,6122,"",16,8.1582e+11,0.00750410629795788,"ITA"
"ROADACCID","DEATH","NBR","A",2005,5818,"",16,7.77968e+11,0.00747845669744771,"ITA"
"ROADACCID","DEATH","NBR","A",2006,5669,"",16,7.79304e+11,0.00727443975650067,"ITA"
"ROADACCID","DEATH","NBR","A",2007,5131,"",16,7.79713e+11,0.00658062646127485,"ITA"
"ROADACCID","DEATH","NBR","A",2008,4725,"",16,7.78797e+11,0.00606704956490587,"ITA"
"ROADACCID","DEATH","NBR","A",2009,4237,"",16,8.21618e+11,0.00515689773106237,"ITA"
"ROADACCID","DEATH","NBR","A",2010,4114,"",16,8.00609e+11,0.00513858824969492,"ITA"
"ROADACCID","DEATH","NBR","A",2011,3860,"",16,7.67772e+11,0.00502753421588701,"ITA"
"ROADACCID","DEATH","NBR","A",2012,3753,"",16,6.8018e+11,0.00551765709077009,"ITA"
"ROADACCID","DEATH","NBR","A",2013,3401,"",16,7.22138e+11,0.00470962613794039,"ITA"
"ROADACCID","DEATH","NBR","A",2014,3381,"",16,7.45726e+11,0.00453383682478551,"ITA"
"ROADACCID","DEATH","NBR","A",2015,3428,"",16,7.7899e+11,0.00440056996880576,"ITA"
"ROADACCID","DEATH","NBR","A",1970,3446,"",22,NA,NA,"POL"
"ROADACCID","DEATH","NBR","A",1971,3883,"E",22,NA,NA,"POL"
"ROADACCID","DEATH","NBR","A",1972,4320,"E",22,NA,NA,"POL"
"ROADACCID","DEATH","NBR","A",1973,4757,"E",22,NA,NA,"POL"
"ROADACCID","DEATH","NBR","A",1974,5195,"E",22,NA,NA,"POL"
"ROADACCID","DEATH","NBR","A",1975,5633,"",22,NA,NA,"POL"
"ROADACCID","DEATH","NBR","A",1976,5730,"E",22,NA,NA,"POL"
"ROADACCID","DEATH","NBR","A",1977,5827,"E",22,NA,NA,"POL"
"ROADACCID","DEATH","NBR","A",1978,5925,"",22,NA,NA,"POL"
"ROADACCID","DEATH","NBR","A",1979,5793,"",22,NA,NA,"POL"
"ROADACCID","DEATH","NBR","A",1980,6002,"",22,NA,NA,"POL"
"ROADACCID","DEATH","NBR","A",1981,6107,"",22,NA,NA,"POL"
"ROADACCID","DEATH","NBR","A",1982,5535,"",22,NA,NA,"POL"
"ROADACCID","DEATH","NBR","A",1983,5561,"",22,NA,NA,"POL"
"ROADACCID","DEATH","NBR","A",1984,4980,"",22,NA,NA,"POL"
"ROADACCID","DEATH","NBR","A",1985,4688,"",22,9.2088e+10,0.0509078272956303,"POL"
"ROADACCID","DEATH","NBR","A",1986,4667,"",22,9.608e+10,0.0485741049125729,"POL"
"ROADACCID","DEATH","NBR","A",1987,4625,"",22,1.00997e+11,0.0457934394090914,"POL"
"ROADACCID","DEATH","NBR","A",1988,4851,"",22,1.09073e+11,0.0444748012798768,"POL"
"ROADACCID","DEATH","NBR","A",1989,6724,"",22,1.14063e+11,0.0589498785758747,"POL"
"ROADACCID","DEATH","NBR","A",1990,7333,"",22,1.144e+11,0.0640996503496504,"POL"
"ROADACCID","DEATH","NBR","A",1991,7901,"",22,1.2282e+11,0.064329913694838,"POL"
"ROADACCID","DEATH","NBR","A",1992,6946,"",22,1.27608e+11,0.0544323239922262,"POL"
"ROADACCID","DEATH","NBR","A",1993,6341,"",22,1.32111e+11,0.0479975172392912,"POL"
"ROADACCID","DEATH","NBR","A",1994,6744,"",22,1.36562e+11,0.0493841625049428,"POL"
"ROADACCID","DEATH","NBR","A",1995,6900,"",22,1.44724e+11,0.0476769575191399,"POL"
"ROADACCID","DEATH","NBR","A",1996,6359,"",22,1.55584e+11,0.0408718120115179,"POL"
"ROADACCID","DEATH","NBR","A",1997,7312,"",22,1.65128e+11,0.0442808003488203,"POL"
"ROADACCID","DEATH","NBR","A",1998,7080,"",22,1.75135e+11,0.0404259571187941,"POL"
"ROADACCID","DEATH","NBR","A",1999,6730,"",22,1.7625e+11,0.0381843971631206,"POL"
"ROADACCID","DEATH","NBR","A",2000,6294,"",22,1.89373e+11,0.0332359945715598,"POL"
"ROADACCID","DEATH","NBR","A",2001,5534,"",22,1.87737e+11,0.0294774072239356,"POL"
"ROADACCID","DEATH","NBR","A",2002,5827,"",22,1.87875e+11,0.0310153027278776,"POL"
"ROADACCID","DEATH","NBR","A",2003,5640,"",22,1.92944e+11,0.0292312795422506,"POL"
"ROADACCID","DEATH","NBR","A",2004,5712,"",22,1.97895e+11,0.0288637914045327,"POL"
"ROADACCID","DEATH","NBR","A",2005,5444,"",22,2.01465e+11,0.0270220633856997,"POL"
"ROADACCID","DEATH","NBR","A",2006,5243,"",22,2.05289e+11,0.0255396051420193,"POL"
"ROADACCID","DEATH","NBR","A",2007,5583,"",22,2.09959e+11,0.0265909058435218,"POL"
"ROADACCID","DEATH","NBR","A",2008,5437,"",22,2.20343e+11,0.0246751655373667,"POL"
"ROADACCID","DEATH","NBR","A",2009,4572,"",22,2.26661e+11,0.0201710925126069,"POL"
"ROADACCID","DEATH","NBR","A",2010,3907,"",22,2.30461e+11,0.0169529768594252,"POL"
"ROADACCID","DEATH","NBR","A",2011,4189,"",22,2.29229e+11,0.0182743021170969,"POL"
"ROADACCID","DEATH","NBR","A",2012,3577,"",22,2.28743e+11,0.0156376369987278,"POL"
"ROADACCID","DEATH","NBR","A",2013,3357,"",22,2.31117e+11,0.014525110658238,"POL"
"ROADACCID","DEATH","NBR","A",2014,3202,"",22,2.3619e+11,0.0135568821711334,"POL"
"ROADACCID","DEATH","NBR","A",2015,2938,"",22,2.3815e+11,0.0123367625446147,"POL"
"ROADACCID","DEATH","NBR","A",1970,838,"E",3,1.2235e+10,0.0684920310584389,"BGR"
"ROADACCID","DEATH","NBR","A",1971,889,"E",3,1.6107e+10,0.055193394176445,"BGR"
"ROADACCID","DEATH","NBR","A",1972,934,"E",3,1.7792e+10,0.0524955035971223,"BGR"
"ROADACCID","DEATH","NBR","A",1973,946,"E",3,1.9542e+10,0.0484085559308157,"BGR"
"ROADACCID","DEATH","NBR","A",1974,960,"E",3,2.1789e+10,0.0440589288172931,"BGR"
"ROADACCID","DEATH","NBR","A",1975,1030,"E",3,2.3312e+10,0.0441832532601235,"BGR"
"ROADACCID","DEATH","NBR","A",1976,1021,"",3,2.4157e+10,0.0422651819348429,"BGR"
"ROADACCID","DEATH","NBR","A",1977,1040,"",3,2.4139e+10,0.0430838062885786,"BGR"
"ROADACCID","DEATH","NBR","A",1978,1153,"",3,2.4215e+10,0.0476151145983894,"BGR"
"ROADACCID","DEATH","NBR","A",1979,1149,"",3,2.4892e+10,0.0461594086453479,"BGR"
"ROADACCID","DEATH","NBR","A",1980,1199,"",3,2.5345e+10,0.0473071611757743,"BGR"
"ROADACCID","DEATH","NBR","A",1981,1219,"",3,2.6828e+10,0.0454376025048457,"BGR"
"ROADACCID","DEATH","NBR","A",1982,1229,"",3,2.7419e+10,0.0448229330026624,"BGR"
"ROADACCID","DEATH","NBR","A",1983,1123,"",3,2.8328e+10,0.0396427562835357,"BGR"
"ROADACCID","DEATH","NBR","A",1984,1119,"",3,2.9129e+10,0.0384153249339147,"BGR"
"ROADACCID","DEATH","NBR","A",1985,1113,"",3,2.9453e+10,0.0377890197942485,"BGR"
"ROADACCID","DEATH","NBR","A",1986,1070,"",3,3.0133e+10,0.0355092423588757,"BGR"
"ROADACCID","DEATH","NBR","A",1987,1153,"",3,3.2434e+10,0.0355491151261022,"BGR"
"ROADACCID","DEATH","NBR","A",1988,1153,"",3,3.2249e+10,0.0357530466060963,"BGR"
"ROADACCID","DEATH","NBR","A",1989,1280,"",3,3.1653e+10,0.0404385050390168,"BGR"
"ROADACCID","DEATH","NBR","A",1990,1567,"",3,3.043e+10,0.0514952349654946,"BGR"
"ROADACCID","DEATH","NBR","A",1991,1114,"",3,2.2198e+10,0.0501847013244436,"BGR"
"ROADACCID","DEATH","NBR","A",1992,1299,"",3,1.9807e+10,0.0655828747412531,"BGR"
"ROADACCID","DEATH","NBR","A",1993,1307,"",3,1.7022e+10,0.0767829867230643,"BGR"
"ROADACCID","DEATH","NBR","A",1994,1390,"",3,1.5587e+10,0.0891768781677039,"BGR"
"ROADACCID","DEATH","NBR","A",1995,1264,"",3,1.1508e+10,0.109836635384081,"BGR"
"ROADACCID","DEATH","NBR","A",1996,1014,"",3,9.235e+09,0.10979967514889,"BGR"
"ROADACCID","DEATH","NBR","A",1997,915,"",3,8.4e+09,0.108928571428571,"BGR"
"ROADACCID","DEATH","NBR","A",1998,1003,"",3,1.2635e+10,0.0793826671943016,"BGR"
"ROADACCID","DEATH","NBR","A",1999,1047,"",3,1.4623e+10,0.0715995349791425,"BGR"
"ROADACCID","DEATH","NBR","A",2000,1012,"",3,1.5108e+10,0.0669843791368811,"BGR"
"ROADACCID","DEATH","NBR","A",2001,1011,"",3,1.5707e+10,0.0643662061501241,"BGR"
"ROADACCID","DEATH","NBR","A",2002,959,"",3,1.7018e+10,0.0563520977788224,"BGR"
"ROADACCID","DEATH","NBR","A",2003,960,"",3,1.4005e+10,0.0685469475187433,"BGR"
"ROADACCID","DEATH","NBR","A",2004,943,"",3,1.2057e+10,0.0782118271543502,"BGR"
"ROADACCID","DEATH","NBR","A",2005,957,"",3,1.2289e+10,0.0778745219301815,"BGR"
"ROADACCID","DEATH","NBR","A",2006,1043,"",3,1.2039e+10,0.086635102583271,"BGR"
"ROADACCID","DEATH","NBR","A",2007,1006,"",3,1.2209e+10,0.0823982308133344,"BGR"
"ROADACCID","DEATH","NBR","A",2008,1061,"",3,1.2305e+10,0.0862251117431938,"BGR"
"ROADACCID","DEATH","NBR","A",2009,901,"",3,1.0073e+10,0.0894470366325822,"BGR"
"ROADACCID","DEATH","NBR","A",2010,776,"",3,9.924e+09,0.0781942765014107,"BGR"
"ROADACCID","DEATH","NBR","A",2011,657,"",3,9.766e+09,0.0672742166700799,"BGR"
"ROADACCID","DEATH","NBR","A",2012,601,"",3,9.233e+09,0.0650926026210333,"BGR"
"ROADACCID","DEATH","NBR","A",2013,601,"",3,8.916e+09,0.0674069089277703,"BGR"
"ROADACCID","DEATH","NBR","A",2014,660,"",3,1.0145e+10,0.0650566781665845,"BGR"
"ROADACCID","DEATH","NBR","A",2015,708,"",3,1.0231e+10,0.0692014465839116,"BGR"
"ROADACCID","DEATH","NBR","A",1970,1166,"E",13,3.294e+09,0.35397692774742,"HRV"
"ROADACCID","DEATH","NBR","A",1971,1289,"",13,3.835e+09,0.336114732724902,"HRV"
"ROADACCID","DEATH","NBR","A",1972,1444,"",13,4.29e+09,0.336596736596737,"HRV"
"ROADACCID","DEATH","NBR","A",1973,1303,"",13,4.824e+09,0.270107794361526,"HRV"
"ROADACCID","DEATH","NBR","A",1974,1336,"",13,5.276e+09,0.253222137983321,"HRV"
"ROADACCID","DEATH","NBR","A",1975,1169,"",13,6.066e+09,0.192713484998351,"HRV"
"ROADACCID","DEATH","NBR","A",1976,1111,"",13,6.084e+09,0.182610124917817,"HRV"
"ROADACCID","DEATH","NBR","A",1977,1412,"",13,6.598e+09,0.214004243710215,"HRV"
"ROADACCID","DEATH","NBR","A",1978,1533,"",13,6.683e+09,0.229387999401466,"HRV"
"ROADACCID","DEATH","NBR","A",1979,1605,"",13,6.705e+09,0.239373601789709,"HRV"
"ROADACCID","DEATH","NBR","A",1980,1603,"",13,7.077e+09,0.22650840751731,"HRV"
"ROADACCID","DEATH","NBR","A",1981,1459,"",13,7.2e+09,0.202638888888889,"HRV"
"ROADACCID","DEATH","NBR","A",1982,1400,"",13,7.341e+09,0.190709712573219,"HRV"
"ROADACCID","DEATH","NBR","A",1983,1322,"",13,7.638e+09,0.173081958627913,"HRV"
"ROADACCID","DEATH","NBR","A",1984,1294,"",13,8.331e+09,0.155323490577362,"HRV"
"ROADACCID","DEATH","NBR","A",1985,1125,"",13,8.409e+09,0.133785230110596,"HRV"
"ROADACCID","DEATH","NBR","A",1986,1256,"",13,8.276e+09,0.151764137264379,"HRV"
"ROADACCID","DEATH","NBR","A",1987,1311,"",13,8.261e+09,0.158697494250091,"HRV"
"ROADACCID","DEATH","NBR","A",1988,1312,"",13,7.503e+09,0.174863387978142,"HRV"
"ROADACCID","DEATH","NBR","A",1989,1321,"",13,7.398e+09,0.178561773452284,"HRV"
"ROADACCID","DEATH","NBR","A",1990,1360,"",13,7.004e+09,0.194174757281553,"HRV"
"ROADACCID","DEATH","NBR","A",1991,1020,"",13,4.46e+09,0.228699551569507,"HRV"
"ROADACCID","DEATH","NBR","A",1992,975,"",13,3.731e+09,0.261324041811847,"HRV"
"ROADACCID","DEATH","NBR","A",1993,855,"",13,3.361e+09,0.25438857482892,"HRV"
"ROADACCID","DEATH","NBR","A",1994,804,"",13,4.041e+09,0.198960653303638,"HRV"
"ROADACCID","DEATH","NBR","A",1995,800,"",13,4.052e+09,0.197433366238894,"HRV"
"ROADACCID","DEATH","NBR","A",1996,721,"",13,4.266e+09,0.169010782934834,"HRV"
"ROADACCID","DEATH","NBR","A",1997,714,"",13,4.459e+09,0.160125588697017,"HRV"
"ROADACCID","DEATH","NBR","A",1998,646,"",13,3.964e+09,0.162966700302725,"HRV"
"ROADACCID","DEATH","NBR","A",1999,662,"",13,3.355e+09,0.197317436661699,"HRV"
"ROADACCID","DEATH","NBR","A",2000,655,"",13,3.331e+09,0.196637646352447,"HRV"
"ROADACCID","DEATH","NBR","A",2001,647,"",13,3.478e+09,0.186026451983899,"HRV"
"ROADACCID","DEATH","NBR","A",2002,627,"",13,3.557e+09,0.176272139443351,"HRV"
"ROADACCID","DEATH","NBR","A",2003,701,"",13,3.717e+09,0.188592951304816,"HRV"
"ROADACCID","DEATH","NBR","A",2004,608,"",13,3.39e+09,0.179351032448378,"HRV"
"ROADACCID","DEATH","NBR","A",2005,597,"",13,3.403e+09,0.175433441081399,"HRV"
"ROADACCID","DEATH","NBR","A",2006,614,"",13,3.537e+09,0.173593440769013,"HRV"
"ROADACCID","DEATH","NBR","A",2007,619,"",13,3.808e+09,0.162552521008403,"HRV"
"ROADACCID","DEATH","NBR","A",2008,664,"",13,4.093e+09,0.162228194478378,"HRV"
"ROADACCID","DEATH","NBR","A",2009,548,"",13,3.438e+09,0.159394997091332,"HRV"
"ROADACCID","DEATH","NBR","A",2010,426,"",13,3.284e+09,0.129719853836784,"HRV"
"ROADACCID","DEATH","NBR","A",2011,418,"",13,3.145e+09,0.132909379968203,"HRV"
"ROADACCID","DEATH","NBR","A",2012,393,"",13,3.249e+09,0.120960295475531,"HRV"
"ROADACCID","DEATH","NBR","A",2013,368,"",13,3.507e+09,0.104932991160536,"HRV"
"ROADACCID","DEATH","NBR","A",2014,308,"",13,3.648e+09,0.0844298245614035,"HRV"
"ROADACCID","DEATH","NBR","A",2015,348,"",13,3.377e+09,0.103050044418123,"HRV"
"ROADACCID","DEATH","NBR","A",1970,16445,"",10,3.302e+11,0.0498031496062992,"FRA"
"ROADACCID","DEATH","NBR","A",1971,17671,"",10,3.461e+11,0.0510574978329962,"FRA"
"ROADACCID","DEATH","NBR","A",1972,18113,"",10,3.644e+11,0.0497063666300768,"FRA"
"ROADACCID","DEATH","NBR","A",1973,17043,"",10,4.087e+11,0.041700513824321,"FRA"
"ROADACCID","DEATH","NBR","A",1974,14738,"",10,3.895e+11,0.0378382541720154,"FRA"
"ROADACCID","DEATH","NBR","A",1975,14355,"",10,4.039e+11,0.0355409754889824,"FRA"
"ROADACCID","DEATH","NBR","A",1976,15028,"",10,4.144e+11,0.0362644787644788,"FRA"
"ROADACCID","DEATH","NBR","A",1977,14283,"",10,4.307e+11,0.0331622939400975,"FRA"
"ROADACCID","DEATH","NBR","A",1978,13229,"",10,4.496e+11,0.0294239323843416,"FRA"
"ROADACCID","DEATH","NBR","A",1979,13603,"",10,4.625e+11,0.0294118918918919,"FRA"
"ROADACCID","DEATH","NBR","A",1980,13672,"",10,4.81541e+11,0.0283921825971205,"FRA"
"ROADACCID","DEATH","NBR","A",1981,13547,"",10,4.97232e+11,0.0272448273642887,"FRA"
"ROADACCID","DEATH","NBR","A",1982,13527,"",10,5.01833e+11,0.026955182301682,"FRA"
"ROADACCID","DEATH","NBR","A",1983,13021,"",10,5.14581e+11,0.0253040823504949,"FRA"
"ROADACCID","DEATH","NBR","A",1984,12737,"",10,5.2378e+11,0.0243174615296499,"FRA"
"ROADACCID","DEATH","NBR","A",1985,11388,"",10,5.26563e+11,0.0216270417784767,"FRA"
"ROADACCID","DEATH","NBR","A",1986,11947,"",10,5.54527e+11,0.021544487464091,"FRA"
"ROADACCID","DEATH","NBR","A",1987,10742,"",10,5.74923e+11,0.0186842411940382,"FRA"
"ROADACCID","DEATH","NBR","A",1988,11497,"",10,5.97815e+11,0.0192317021152029,"FRA"
"ROADACCID","DEATH","NBR","A",1989,11476,"",10,6.10582e+11,0.0187951823014763,"FRA"
"ROADACCID","DEATH","NBR","A",1990,11215,"",10,6.4515e+11,0.0173835542121987,"FRA"
"ROADACCID","DEATH","NBR","A",1991,10483,"",10,6.52719e+11,0.0160605099591095,"FRA"
"ROADACCID","DEATH","NBR","A",1992,9900,"",10,6.67341e+11,0.0148349944031612,"FRA"
"ROADACCID","DEATH","NBR","A",1993,9568,"",10,6.73306e+11,0.0142104778510811,"FRA"
"ROADACCID","DEATH","NBR","A",1994,9019,"",10,6.82937e+11,0.0132061961791498,"FRA"
"ROADACCID","DEATH","NBR","A",1995,8891,"",10,6.94221e+11,0.0128071608320693,"FRA"
"ROADACCID","DEATH","NBR","A",1996,8541,"",10,6.97747e+11,0.0122408265460117,"FRA"
"ROADACCID","DEATH","NBR","A",1997,8444,"",10,7.09532e+11,0.0119008022189274,"FRA"
"ROADACCID","DEATH","NBR","A",1998,8918,"",10,7.29859e+11,0.0122187984254493,"FRA"
"ROADACCID","DEATH","NBR","A",1999,8487,"",10,7.46485e+11,0.0113692840445555,"FRA"
"ROADACCID","DEATH","NBR","A",2000,8079,"",10,7.47054e+11,0.0108144792745906,"FRA"
"ROADACCID","DEATH","NBR","A",2001,8160,"",10,7.70918e+11,0.0105847833362303,"FRA"
"ROADACCID","DEATH","NBR","A",2002,7655,"",10,7.77226e+11,0.00984913011144764,"FRA"
"ROADACCID","DEATH","NBR","A",2003,6058,"",10,7.79163e+11,0.00777500985031373,"FRA"
"ROADACCID","DEATH","NBR","A",2004,5593,"",10,7.77323e+11,0.00719520714040367,"FRA"
"ROADACCID","DEATH","NBR","A",2005,5318,"",10,7.6729e+11,0.00693088662695982,"FRA"
"ROADACCID","DEATH","NBR","A",2006,4709,"",10,7.65879e+11,0.00614849081904583,"FRA"
"ROADACCID","DEATH","NBR","A",2007,4620,"",10,7.71178e+11,0.00599083480078529,"FRA"
"ROADACCID","DEATH","NBR","A",2008,4275,"",10,7.5661e+11,0.00565020287862968,"FRA"
"ROADACCID","DEATH","NBR","A",2009,4273,"",10,7.57177e+11,0.00564333042340166,"FRA"
"ROADACCID","DEATH","NBR","A",2010,3992,"",10,7.63941e+11,0.00522553443263289,"FRA"
"ROADACCID","DEATH","NBR","A",2011,3963,"",10,7.64529e+11,0.00518358361814921,"FRA"
"ROADACCID","DEATH","NBR","A",2012,3653,"",10,7.65982e+11,0.00476904157016745,"FRA"
"ROADACCID","DEATH","NBR","A",2013,3268,"",10,7.68929e+11,0.00425006730140234,"FRA"
"ROADACCID","DEATH","NBR","A",2014,3384,"",10,7.78212e+11,0.00434842947680067,"FRA"
"ROADACCID","DEATH","NBR","A",2015,3461,"",10,7.95117e+11,0.00435281851601714,"FRA"
"ROADACCID","DEATH","NBR","A",1970,1307,"",25,6.12e+10,0.0213562091503268,"SWE"
"ROADACCID","DEATH","NBR","A",1971,1213,"",25,6.44e+10,0.0188354037267081,"SWE"
"ROADACCID","DEATH","NBR","A",1972,1194,"",25,6.79e+10,0.0175846833578792,"SWE"
"ROADACCID","DEATH","NBR","A",1973,1177,"",25,7.51e+10,0.0156724367509987,"SWE"
"ROADACCID","DEATH","NBR","A",1974,1197,"",25,7.14e+10,0.0167647058823529,"SWE"
"ROADACCID","DEATH","NBR","A",1975,1172,"",25,7.22e+10,0.0162326869806094,"SWE"
"ROADACCID","DEATH","NBR","A",1976,1168,"",25,7.7e+10,0.0151688311688312,"SWE"
"ROADACCID","DEATH","NBR","A",1977,1031,"",25,8.03e+10,0.0128393524283935,"SWE"
"ROADACCID","DEATH","NBR","A",1978,1034,"",25,8.22e+10,0.0125790754257908,"SWE"
"ROADACCID","DEATH","NBR","A",1979,926,"",25,8.37e+10,0.011063321385902,"SWE"
"ROADACCID","DEATH","NBR","A",1980,848,"",25,8.41e+10,0.0100832342449465,"SWE"
"ROADACCID","DEATH","NBR","A",1981,784,"",25,8.36e+10,0.00937799043062201,"SWE"
"ROADACCID","DEATH","NBR","A",1982,758,"",25,8.45e+10,0.00897041420118343,"SWE"
"ROADACCID","DEATH","NBR","A",1983,779,"",25,8.57e+10,0.00908984830805134,"SWE"
"ROADACCID","DEATH","NBR","A",1984,801,"",25,8.63e+10,0.00928157589803013,"SWE"
"ROADACCID","DEATH","NBR","A",1985,808,"",25,8.89e+10,0.0090888638920135,"SWE"
"ROADACCID","DEATH","NBR","A",1986,844,"",25,8.96e+10,0.00941964285714286,"SWE"
"ROADACCID","DEATH","NBR","A",1987,787,"",25,9.47e+10,0.00831045406546991,"SWE"
"ROADACCID","DEATH","NBR","A",1988,813,"",25,9.96e+10,0.00816265060240964,"SWE"
"ROADACCID","DEATH","NBR","A",1989,904,"",25,1.046e+11,0.00864244741873805,"SWE"
"ROADACCID","DEATH","NBR","A",1990,772,"",25,1.046e+11,0.00738049713193117,"SWE"
"ROADACCID","DEATH","NBR","A",1991,745,"",25,1.052e+11,0.00708174904942966,"SWE"
"ROADACCID","DEATH","NBR","A",1992,759,"",25,1.063e+11,0.00714016933207902,"SWE"
"ROADACCID","DEATH","NBR","A",1993,632,"",25,1.04e+11,0.00607692307692308,"SWE"
"ROADACCID","DEATH","NBR","A",1994,589,"",25,1.052e+11,0.00559885931558935,"SWE"
"ROADACCID","DEATH","NBR","A",1995,572,"",25,1.064e+11,0.00537593984962406,"SWE"
"ROADACCID","DEATH","NBR","A",1996,537,"",25,1.069e+11,0.00502338634237605,"SWE"
"ROADACCID","DEATH","NBR","A",1997,541,"",25,1.07497e+11,0.00503269858693731,"SWE"
"ROADACCID","DEATH","NBR","A",1998,531,"",25,1.08152e+11,0.00490975663880465,"SWE"
"ROADACCID","DEATH","NBR","A",1999,580,"",25,1.10336e+11,0.00525667053364269,"SWE"
"ROADACCID","DEATH","NBR","A",2000,591,"",25,1.13273e+11,0.00521748342499978,"SWE"
"ROADACCID","DEATH","NBR","A",2001,583,"",25,1.14464e+11,0.0050933044450657,"SWE"
"ROADACCID","DEATH","NBR","A",2002,560,"",25,1.16344e+11,0.00481331224644159,"SWE"
"ROADACCID","DEATH","NBR","A",2003,529,"",25,1.17084e+11,0.0045181237402207,"SWE"
"ROADACCID","DEATH","NBR","A",2004,480,"",25,1.18077e+11,0.00406514393150233,"SWE"
"ROADACCID","DEATH","NBR","A",2005,440,"",25,1.1771e+11,0.0037380001699091,"SWE"
"ROADACCID","DEATH","NBR","A",2006,445,"",25,1.17951e+11,0.00377275309238582,"SWE"
"ROADACCID","DEATH","NBR","A",2007,471,"",25,1.20171e+11,0.00391941483386175,"SWE"
"ROADACCID","DEATH","NBR","A",2008,397,"",25,1.1916e+11,0.00333165491775764,"SWE"
"ROADACCID","DEATH","NBR","A",2009,358,"",25,1.1866e+11,0.00301702342828249,"SWE"
"ROADACCID","DEATH","NBR","A",2010,266,"B",25,1.17935e+11,0.00225547971340145,"SWE"
"ROADACCID","DEATH","NBR","A",2011,319,"",25,1.19294e+11,0.00267406575351652,"SWE"
"ROADACCID","DEATH","NBR","A",2012,285,"",25,1.18479e+11,0.00240548958043198,"SWE"
"ROADACCID","DEATH","NBR","A",2013,260,"",25,1.18568e+11,0.00219283449159976,"SWE"
"ROADACCID","DEATH","NBR","A",2014,270,"",25,1.20664e+11,0.00223761851090632,"SWE"
"ROADACCID","DEATH","NBR","A",2015,259,"",25,1.22392e+11,0.0021161513824433,"SWE"
"ROADACCID","DEATH","NBR","A",1970,1208,"",6,NA,NA,"DNK"
"ROADACCID","DEATH","NBR","A",1971,1213,"",6,NA,NA,"DNK"
"ROADACCID","DEATH","NBR","A",1972,1116,"",6,NA,NA,"DNK"
"ROADACCID","DEATH","NBR","A",1973,1132,"",6,NA,NA,"DNK"
"ROADACCID","DEATH","NBR","A",1974,766,"",6,NA,NA,"DNK"
"ROADACCID","DEATH","NBR","A",1975,827,"",6,NA,NA,"DNK"
"ROADACCID","DEATH","NBR","A",1976,857,"",6,NA,NA,"DNK"
"ROADACCID","DEATH","NBR","A",1977,828,"",6,NA,NA,"DNK"
"ROADACCID","DEATH","NBR","A",1978,849,"",6,NA,NA,"DNK"
"ROADACCID","DEATH","NBR","A",1979,730,"",6,NA,NA,"DNK"
"ROADACCID","DEATH","NBR","A",1980,690,"",6,4.6934e+10,0.0147014957173904,"DNK"
"ROADACCID","DEATH","NBR","A",1981,622,"",6,4.5887e+10,0.0135550373744198,"DNK"
"ROADACCID","DEATH","NBR","A",1982,658,"",6,4.6415e+10,0.0141764515781536,"DNK"
"ROADACCID","DEATH","NBR","A",1983,669,"",6,4.7729e+10,0.0140166355884263,"DNK"
"ROADACCID","DEATH","NBR","A",1984,665,"",6,4.9972e+10,0.013307452173217,"DNK"
"ROADACCID","DEATH","NBR","A",1985,772,"",6,5.1773e+10,0.0149112471751685,"DNK"
"ROADACCID","DEATH","NBR","A",1986,723,"",6,5.3859e+10,0.0134239402885312,"DNK"
"ROADACCID","DEATH","NBR","A",1987,698,"",6,5.596e+10,0.0124731951393853,"DNK"
"ROADACCID","DEATH","NBR","A",1988,713,"",6,5.7751e+10,0.0123461065609254,"DNK"
"ROADACCID","DEATH","NBR","A",1989,670,"",6,5.8607e+10,0.0114320814919719,"DNK"
"ROADACCID","DEATH","NBR","A",1990,634,"",6,5.9003e+10,0.0107452163449316,"DNK"
"ROADACCID","DEATH","NBR","A",1991,606,"",6,5.9621e+10,0.0101642038878919,"DNK"
"ROADACCID","DEATH","NBR","A",1992,577,"",6,5.9949e+10,0.00962484778728586,"DNK"
"ROADACCID","DEATH","NBR","A",1993,559,"",6,5.9728e+10,0.00935909456201446,"DNK"
"ROADACCID","DEATH","NBR","A",1994,546,"",6,6.0111e+10,0.00908319608723861,"DNK"
"ROADACCID","DEATH","NBR","A",1995,582,"",6,6.1292e+10,0.00949552959603211,"DNK"
"ROADACCID","DEATH","NBR","A",1996,514,"",6,6.2544e+10,0.00821821437707854,"DNK"
"ROADACCID","DEATH","NBR","A",1997,489,"",6,6.3378e+10,0.00771561109533276,"DNK"
"ROADACCID","DEATH","NBR","A",1998,499,"",6,6.3942e+10,0.00780394732726533,"DNK"
"ROADACCID","DEATH","NBR","A",1999,514,"",6,6.501e+10,0.0079064759267805,"DNK"
"ROADACCID","DEATH","NBR","A",2000,498,"",6,6.4194e+10,0.00775773436769792,"DNK"
"ROADACCID","DEATH","NBR","A",2001,431,"",6,6.3386e+10,0.00679960874641088,"DNK"
"ROADACCID","DEATH","NBR","A",2002,463,"",6,6.3473e+10,0.00729444015565674,"DNK"
"ROADACCID","DEATH","NBR","A",2003,432,"",6,6.4016e+10,0.00674831292176956,"DNK"
"ROADACCID","DEATH","NBR","A",2004,369,"",6,6.5452e+10,0.00563771924463729,"DNK"
"ROADACCID","DEATH","NBR","A",2005,331,"",6,6.5517e+10,0.00505212387624586,"DNK"
"ROADACCID","DEATH","NBR","A",2006,306,"",6,6.6191e+10,0.00462298499796045,"DNK"
"ROADACCID","DEATH","NBR","A",2007,406,"",6,6.7815e+10,0.00598687605986876,"DNK"
"ROADACCID","DEATH","NBR","A",2008,406,"",6,6.7791e+10,0.00598899558938502,"DNK"
"ROADACCID","DEATH","NBR","A",2009,303,"",6,6.7236e+10,0.00450651436730323,"DNK"
"ROADACCID","DEATH","NBR","A",2010,255,"",6,6.6612e+10,0.00382813907404071,"DNK"
"ROADACCID","DEATH","NBR","A",2011,220,"",6,6.6612e+10,0.00330270822074101,"DNK"
"ROADACCID","DEATH","NBR","A",2012,167,"",6,6.7039e+10,0.00249108727755486,"DNK"
"ROADACCID","DEATH","NBR","A",2013,191,"",6,6.7551e+10,0.00282749330135749,"DNK"
"ROADACCID","DEATH","NBR","A",2014,182,"",6,67026550520,0.00271534188449237,"DNK"
"ROADACCID","DEATH","NBR","A",2015,178,"",6,67544075460,0.00263531625516753,"DNK"
"ROADACCID","DEATH","NBR","A",1970,540,"",15,NA,NA,"IRL"
"ROADACCID","DEATH","NBR","A",1971,576,"",15,NA,NA,"IRL"
"ROADACCID","DEATH","NBR","A",1972,640,"",15,NA,NA,"IRL"
"ROADACCID","DEATH","NBR","A",1973,592,"",15,NA,NA,"IRL"
"ROADACCID","DEATH","NBR","A",1974,594,"",15,NA,NA,"IRL"
"ROADACCID","DEATH","NBR","A",1975,586,"",15,NA,NA,"IRL"
"ROADACCID","DEATH","NBR","A",1976,525,"",15,NA,NA,"IRL"
"ROADACCID","DEATH","NBR","A",1977,583,"",15,NA,NA,"IRL"
"ROADACCID","DEATH","NBR","A",1978,628,"",15,NA,NA,"IRL"
"ROADACCID","DEATH","NBR","A",1979,614,"",15,NA,NA,"IRL"
"ROADACCID","DEATH","NBR","A",1980,564,"",15,NA,NA,"IRL"
"ROADACCID","DEATH","NBR","A",1981,572,"",15,NA,NA,"IRL"
"ROADACCID","DEATH","NBR","A",1982,533,"",15,NA,NA,"IRL"
"ROADACCID","DEATH","NBR","A",1983,535,"",15,NA,NA,"IRL"
"ROADACCID","DEATH","NBR","A",1984,465,"",15,NA,NA,"IRL"
"ROADACCID","DEATH","NBR","A",1985,410,"",15,NA,NA,"IRL"
"ROADACCID","DEATH","NBR","A",1986,387,"",15,NA,NA,"IRL"
"ROADACCID","DEATH","NBR","A",1987,462,"",15,NA,NA,"IRL"
"ROADACCID","DEATH","NBR","A",1988,463,"",15,NA,NA,"IRL"
"ROADACCID","DEATH","NBR","A",1989,460,"",15,NA,NA,"IRL"
"ROADACCID","DEATH","NBR","A",1990,478,"",15,NA,NA,"IRL"
"ROADACCID","DEATH","NBR","A",1991,445,"",15,NA,NA,"IRL"
"ROADACCID","DEATH","NBR","A",1992,415,"",15,NA,NA,"IRL"
"ROADACCID","DEATH","NBR","A",1993,431,"",15,NA,NA,"IRL"
"ROADACCID","DEATH","NBR","A",1994,404,"",15,NA,NA,"IRL"
"ROADACCID","DEATH","NBR","A",1995,437,"",15,NA,NA,"IRL"
"ROADACCID","DEATH","NBR","A",1996,453,"",15,NA,NA,"IRL"
"ROADACCID","DEATH","NBR","A",1997,472,"",15,NA,NA,"IRL"
"ROADACCID","DEATH","NBR","A",1998,458,"",15,NA,NA,"IRL"
"ROADACCID","DEATH","NBR","A",1999,413,"",15,NA,NA,"IRL"
"ROADACCID","DEATH","NBR","A",2000,415,"",15,NA,NA,"IRL"
"ROADACCID","DEATH","NBR","A",2001,411,"",15,NA,NA,"IRL"
"ROADACCID","DEATH","NBR","A",2002,376,"",15,NA,NA,"IRL"
"ROADACCID","DEATH","NBR","A",2003,335,"",15,NA,NA,"IRL"
"ROADACCID","DEATH","NBR","A",2004,374,"",15,NA,NA,"IRL"
"ROADACCID","DEATH","NBR","A",2005,396,"",15,NA,NA,"IRL"
"ROADACCID","DEATH","NBR","A",2006,365,"",15,NA,NA,"IRL"
"ROADACCID","DEATH","NBR","A",2007,338,"",15,NA,NA,"IRL"
"ROADACCID","DEATH","NBR","A",2008,279,"",15,NA,NA,"IRL"
"ROADACCID","DEATH","NBR","A",2009,238,"",15,NA,NA,"IRL"
"ROADACCID","DEATH","NBR","A",2010,212,"",15,NA,NA,"IRL"
"ROADACCID","DEATH","NBR","A",2011,186,"",15,NA,NA,"IRL"
"ROADACCID","DEATH","NBR","A",2012,163,"",15,NA,NA,"IRL"
"ROADACCID","DEATH","NBR","A",2013,188,"",15,NA,NA,"IRL"
"ROADACCID","DEATH","NBR","A",2014,192,"",15,NA,NA,"IRL"
"ROADACCID","DEATH","NBR","A",2015,162,"",15,NA,NA,"IRL"
"ROADACCID","DEATH","NBR","A",1970,646,"",19,3.284e+09,0.196711327649208,"LVA"
"ROADACCID","DEATH","NBR","A",1971,637,"",19,3.33e+09,0.191291291291291,"LVA"
"ROADACCID","DEATH","NBR","A",1972,644,"",19,3.393e+09,0.189802534630121,"LVA"
"ROADACCID","DEATH","NBR","A",1973,590,"",19,3.404e+09,0.173325499412456,"LVA"
"ROADACCID","DEATH","NBR","A",1974,641,"",19,3.627e+09,0.176730079955886,"LVA"
"ROADACCID","DEATH","NBR","A",1975,669,"",19,3.733e+09,0.179212429681222,"LVA"
"ROADACCID","DEATH","NBR","A",1976,671,"",19,3.878e+09,0.173027333677153,"LVA"
"ROADACCID","DEATH","NBR","A",1977,659,"",19,4.102e+09,0.160653339834227,"LVA"
"ROADACCID","DEATH","NBR","A",1978,641,"",19,4.256e+09,0.150610902255639,"LVA"
"ROADACCID","DEATH","NBR","A",1979,662,"",19,4.458e+09,0.148497083894123,"LVA"
"ROADACCID","DEATH","NBR","A",1980,653,"",19,4.548e+09,0.143579595426561,"LVA"
"ROADACCID","DEATH","NBR","A",1981,645,"",19,4.662e+09,0.138352638352638,"LVA"
"ROADACCID","DEATH","NBR","A",1982,637,"",19,4.827e+09,0.131966024445826,"LVA"
"ROADACCID","DEATH","NBR","A",1983,656,"",19,5e+09,0.1312,"LVA"
"ROADACCID","DEATH","NBR","A",1984,586,"",19,5.133e+09,0.114163257354374,"LVA"
"ROADACCID","DEATH","NBR","A",1985,539,"",19,5.266e+09,0.102354728446639,"LVA"
"ROADACCID","DEATH","NBR","A",1986,471,"",19,5.437e+09,0.0866286555085525,"LVA"
"ROADACCID","DEATH","NBR","A",1987,512,"",19,5.707e+09,0.0897143858419485,"LVA"
"ROADACCID","DEATH","NBR","A",1988,577,"",19,5.821e+09,0.0991238618794022,"LVA"
"ROADACCID","DEATH","NBR","A",1989,802,"",19,5.877e+09,0.136464182405989,"LVA"
"ROADACCID","DEATH","NBR","A",1990,877,"",19,5.862e+09,0.149607642442852,"LVA"
"ROADACCID","DEATH","NBR","A",1991,923,"",19,5.331e+09,0.173138247983493,"LVA"
"ROADACCID","DEATH","NBR","A",1992,729,"",19,2.583e+09,0.282229965156794,"LVA"
"ROADACCID","DEATH","NBR","A",1993,670,"",19,1.722e+09,0.389082462253194,"LVA"
"ROADACCID","DEATH","NBR","A",1994,717,"",19,1.795e+09,0.399442896935933,"LVA"
"ROADACCID","DEATH","NBR","A",1995,611,"",19,1.835e+09,0.332970027247956,"LVA"
"ROADACCID","DEATH","NBR","A",1996,550,"",19,1.606e+09,0.342465753424658,"LVA"
"ROADACCID","DEATH","NBR","A",1997,525,"",19,1.72e+09,0.305232558139535,"LVA"
"ROADACCID","DEATH","NBR","A",1998,627,"",19,1.903e+09,0.329479768786127,"LVA"
"ROADACCID","DEATH","NBR","A",1999,604,"",19,2.368e+09,0.255067567567568,"LVA"
"ROADACCID","DEATH","NBR","A",2000,588,"",19,2.348e+09,0.250425894378194,"LVA"
"ROADACCID","DEATH","NBR","A",2001,517,"",19,2.305e+09,0.224295010845987,"LVA"
"ROADACCID","DEATH","NBR","A",2002,518,"",19,2.361e+09,0.219398559932232,"LVA"
"ROADACCID","DEATH","NBR","A",2003,493,"",19,2.55e+09,0.193333333333333,"LVA"
"ROADACCID","DEATH","NBR","A",2004,516,"",19,2.655e+09,0.194350282485876,"LVA"
"ROADACCID","DEATH","NBR","A",2005,442,"",19,2.891e+09,0.152888273953649,"LVA"
"ROADACCID","DEATH","NBR","A",2006,407,"",19,2.8e+09,0.145357142857143,"LVA"
"ROADACCID","DEATH","NBR","A",2007,419,"",19,2.644e+09,0.158472012102874,"LVA"
"ROADACCID","DEATH","NBR","A",2008,316,"",19,2.517e+09,0.12554628526023,"LVA"
"ROADACCID","DEATH","NBR","A",2009,254,"",19,2.143e+09,0.118525431637891,"LVA"
"ROADACCID","DEATH","NBR","A",2010,218,"",19,2.311e+09,0.0943314582431848,"LVA"
"ROADACCID","DEATH","NBR","A",2011,179,"",19,2.412e+09,0.074212271973466,"LVA"
"ROADACCID","DEATH","NBR","A",2012,177,"",19,2.358e+09,0.0750636132315522,"LVA"
"ROADACCID","DEATH","NBR","A",2013,179,"",19,2.325e+09,0.0769892473118279,"LVA"
"ROADACCID","DEATH","NBR","A",2014,212,"",19,2.345e+09,0.0904051172707889,"LVA"
"ROADACCID","DEATH","NBR","A",2015,188,"",19,2.232e+09,0.0842293906810036,"LVA"
"ROADACCID","DEATH","NBR","A",1970,19193,"",5,3.992e+11,0.0480786573146293,"DEU"
"ROADACCID","DEATH","NBR","A",1971,18753,"",5,4.225e+11,0.0443857988165681,"DEU"
"ROADACCID","DEATH","NBR","A",1972,18811,"",5,4.3e+11,0.043746511627907,"DEU"
"ROADACCID","DEATH","NBR","A",1973,16302,"",5,4.442e+11,0.0366996848266547,"DEU"
"ROADACCID","DEATH","NBR","A",1974,14614,"",5,4.391e+11,0.0332817125939422,"DEU"
"ROADACCID","DEATH","NBR","A",1975,14870,"",5,4.641e+11,0.0320405085110967,"DEU"
"ROADACCID","DEATH","NBR","A",1976,14820,"",5,4.763e+11,0.0311148435859752,"DEU"
"ROADACCID","DEATH","NBR","A",1977,14978,"",5,4.93e+11,0.0303813387423935,"DEU"
"ROADACCID","DEATH","NBR","A",1978,14662,"",5,5.113e+11,0.028675924115001,"DEU"
"ROADACCID","DEATH","NBR","A",1979,13222,"",5,5.292e+11,0.0249848828420257,"DEU"
"ROADACCID","DEATH","NBR","A",1980,13041,"",5,5.321e+11,0.0245085510242436,"DEU"
"ROADACCID","DEATH","NBR","A",1981,11674,"",5,5.129e+11,0.0227607720803275,"DEU"
"ROADACCID","DEATH","NBR","A",1982,11608,"",5,5.265e+11,0.0220474833808167,"DEU"
"ROADACCID","DEATH","NBR","A",1983,11732,"",5,5.356e+11,0.0219044062733383,"DEU"
"ROADACCID","DEATH","NBR","A",1984,10199,"",5,5.458e+11,0.0186863319897398,"DEU"
"ROADACCID","DEATH","NBR","A",1985,8400,"",5,5.383e+11,0.0156046814044213,"DEU"
"ROADACCID","DEATH","NBR","A",1986,8948,"",5,5.638e+11,0.0158708761972331,"DEU"
"ROADACCID","DEATH","NBR","A",1987,7967,"",5,5.843e+11,0.013635118945747,"DEU"
"ROADACCID","DEATH","NBR","A",1988,8213,"",5,6.126e+11,0.0134067907280444,"DEU"
"ROADACCID","DEATH","NBR","A",1989,7995,"",5,6.278e+11,0.012734947435489,"DEU"
"ROADACCID","DEATH","NBR","A",1990,7906,"",5,6.498e+11,0.0121668205601724,"DEU"
"ROADACCID","DEATH","NBR","A",1991,11300,"B",5,7.702e+11,0.0146715138924955,"DEU"
"ROADACCID","DEATH","NBR","A",1992,10631,"",5,7.89e+11,0.0134740177439797,"DEU"
"ROADACCID","DEATH","NBR","A",1993,9949,"",5,7.997e+11,0.0124409153432537,"DEU"
"ROADACCID","DEATH","NBR","A",1994,9814,"",5,8.756e+11,0.0112083142987666,"DEU"
"ROADACCID","DEATH","NBR","A",1995,9454,"",5,8.838e+11,0.0106969902692917,"DEU"
"ROADACCID","DEATH","NBR","A",1996,8758,"",5,8.844e+11,0.00990275893260968,"DEU"
"ROADACCID","DEATH","NBR","A",1997,8549,"",5,8.851e+11,0.00965879561631454,"DEU"
"ROADACCID","DEATH","NBR","A",1998,7792,"",5,8.956e+11,0.00870031263957124,"DEU"
"ROADACCID","DEATH","NBR","A",1999,7772,"",5,9.164e+11,0.00848101265822785,"DEU"
"ROADACCID","DEATH","NBR","A",2000,7503,"",5,9.003e+11,0.00833388870376541,"DEU"
"ROADACCID","DEATH","NBR","A",2001,6977,"",5,9.213e+11,0.00757299468142842,"DEU"
"ROADACCID","DEATH","NBR","A",2002,6842,"",5,9.305e+11,0.00735303600214938,"DEU"
"ROADACCID","DEATH","NBR","A",2003,6613,"",5,9.252e+11,0.00714764375270212,"DEU"
"ROADACCID","DEATH","NBR","A",2004,5842,"",5,9.51493e+11,0.00613982446534026,"DEU"
"ROADACCID","DEATH","NBR","A",2005,5361,"",5,9.39389e+11,0.00570690097499545,"DEU"
"ROADACCID","DEATH","NBR","A",2006,5091,"",5,9.45052e+11,0.00538700515950445,"DEU"
"ROADACCID","DEATH","NBR","A",2007,4949,"",5,9.47807e+11,0.00522152716745076,"DEU"
"ROADACCID","DEATH","NBR","A",2008,4477,"",5,9.50882e+11,0.00470826033093486,"DEU"
"ROADACCID","DEATH","NBR","A",2009,4152,"",5,9.59694e+11,0.00432637903331687,"DEU"
"ROADACCID","DEATH","NBR","A",2010,3648,"",5,9.62892e+11,0.00378858688201792,"DEU"
"ROADACCID","DEATH","NBR","A",2011,4009,"",5,9.72357e+11,0.00412297129552212,"DEU"
"ROADACCID","DEATH","NBR","A",2012,3600,"",5,9.72319e+11,0.0037024885865647,"DEU"
"ROADACCID","DEATH","NBR","A",2013,3339,"",5,9.80246e+11,0.00340628780938662,"DEU"
"ROADACCID","DEATH","NBR","A",2014,3377,"",5,9.9519e+11,0.00339332187823431,"DEU"
"ROADACCID","DEATH","NBR","A",2015,3459,"",5,1.008771e+12,0.00342892489970469,"DEU"
